Family,Genus ,Species,habitats<500m,Sub-Origin,Taxon_Status,#Islands,Espanola,Fernandina,Floreana,Genovesa,Isabela,Marchena,Pinta,Pinzon,San_Cristobal,Santa_Cruz,Santa_Fe,Santiago,#Introductions,Fruit_type,UNS,END,EPI,THA,ANE,Used_for_the_AoB_paper,littoral
Malvaceae,Abutilon,depauperatum,1,En,8,12,1,1,1,1,1,1,1,1,1,1,1,1,1,Schizocarp,1,0,0,0,0,,
Mimosaceae,Acacia,insulae-iacobi,,Id,1,3,,,,,,,,,1,1,,1,3,Pod,0.5,0,0,0.5,0,,
Mimosaceae,Acacia,macracantha,1,Id,1,6,,,1,,1,,,1,1,1,,1,3,Pod,0.5,0,0,0.5,0,,
Mimosaceae,Acacia,rorudiana,1,EnQ,1,7,1,,1,,1,,,1,1,1,,1,3,Pod,0.5,0,0,0.5,0,,
Euphorbiaceae,Acalypha,abingdonii,1,En,1,2,,,,,,1,1,,,,,,1,Capsule,1,0,0,0,0,,
Euphorbiaceae,Acalypha,flacida,,En,1,1,,,,,,,,,,1,,,1,Capsule,1,0,0,0,0,,
Euphorbiaceae,Acalypha,wigginsii,,En,1,2,,,,,1,,,,,1,,,1,Capsule,1,0,0,0,0,,
Euphorbiaceae,Acalypha,parvula,1,En,1,3,,,,,1,,,,,1,,1,1,Capsule,1,0,0,0,0,,
Euphorbiaceae,Acalypha,aff. sericea,,NoData,4,1,,,,,,,,,,1,,,1,Capsule,1,0,0,0,0,,
Euphorbiaceae,Acalypha,velutina,,NoData,1,1,,,,,,,,,,1,,,1,Capsule,1,0,0,0,0,,
Euphorbiaceae,Acalypha,baurii,1,En,1,6,,1,,,1,,1,,1,1,,1,1,Capsule,1,0,0,0,0,,
Asteraceae,Acmella,darwinii,1,En,1,5,,,1,,1,,1,,1,,,1,,Achene,0.5,0,0.5,0,0,,
Asteraceae,Acanthospermum,,,,,,,,,,,,,,,,,,,,,,1,,,,
Asteraceae,Ageratum,conyzoides,1,Id,1,6,,,1,,1,,1,,1,1,,1,1,Achene,0,0,1,0,0,,
Amaranthaceae,Alternanthera,rugulosa,1,Id,1,1,,,,,,,,,1,,,,4,Utricle,1,0,0,0,0,,
Amaranthaceae,Alternanthera,helleri,,En,1,0,,,,,,,,,,,,,4,Utricle,1,0,0,0,0,,
Amaranthaceae,Alternanthera,nesiotes,1,En,1,1,,,1,,,,,,,,,,4,Utricle,1,0,0,0,0,,
Amaranthaceae,Alternanthera,snodgrassii,1,En,1,1,,,,,,,,,,1,,,4,Utricle,1,0,0,0,0,,
Amaranthaceae,Alternanthera,flavicoma,1,En,1,3,1,,,,1,,,,1,,,,4,Utricle,1,0,0,0,0,,
Amaranthaceae,Alternanthera,galapagensis,1,En,1,3,,,1,,,,,,,1,,1,4,Utricle,1,0,0,0,0,,
Amaranthaceae,Alternanthera,filifolia,1,En,1,10,1,1,1,,1,,1,1,1,1,1,1,4,Utricle,1,0,0,0,0,,
Amaranthaceae,Alternanthera,vestita,1,Id,1,2,,,,,1,,,,,1,,,4,Utricle,1,0,0,0,0,,
Amaranthaceae,Alternanthera,halimifolia,1,Id,1,6,,1,,,1,,1,,1,1,,1,4,Utricle,1,0,0,0,0,,
Amaranthaceae,Alternanthera,echinocephala,1,Id,1,9,1,,1,,1,,1,1,1,1,1,1,4,Utricle,1,0,0,0,0,,
Amaranthaceae,Amaranthus,hybridus,1,NoData,1,1,,,,,,,,,,1,,,2,Utricle,1,0,0,0,0,,
Amaranthaceae,Amaranthus,anderssonii,1,En,1,7,1,,1,,1,,,1,,1,1,1,2,Utricle,1,0,0,0,0,,
Amaranthaceae,Amaranthus,furcatus,,En,1,3,,,,,1,,,,,1,,1,2,Utricle,1,0,0,0,0,,
Amaranthaceae,Amaranthus,sclerantoides,1,En,1,10,1,,1,1,1,,1,1,1,1,1,1,2,Utricle,1,0,0,0,0,,
Amaranthaceae,Amaranthus,squamulatus,1,Id,1,7,,,1,1,1,,,1,,1,1,1,2,Utricle,1,0,0,0,0,,
Basellaceae,Anredera,ramosa,1,Id,1,6,,1,1,,1,,,1,1,1,,,1,Drupe,0,1,0,0,0,,
Apiaceae,Apium,,,,,,,,,,,,,,,,,,,,0.5,,,0.5,,,
Poaceae,Aristida,villosa,1,En,1,5,,,1,,,,,1,,1,1,1,1,Caryopside,0,0,0,0,1,,
Poaceae,Aristida,divulsa,1,En,1,7,,1,,,1,1,1,,1,1,,1,1,Caryopside,0,0,0.5,0,0.5,Two syndromes,
Poaceae,Aristida,repens,1,En,1,10,,1,1,1,1,1,1,,1,1,1,1,1,Caryopside,0,0,0,0,1,,
Poaceae,Aristida,subspicata,1,En,1,12,1,1,1,1,1,1,1,1,1,1,1,1,1,Caryopside,0,0,0,0,1,,
,Astrephia,,,,,,,,,,,,,,,,,,,,1,,,,,,
Chenopodiaceae,Atriplex,peruviana,1,Id,1,3,1,,,,,,,1,,1,,,1,Utricle,0,0.5,0,0.5,0,Two syndromes,exclusive
Verbenaceae,Avicennia,germinans,1,Id,1,9,1,1,1,,1,,,1,1,1,1,1,1,Capsule,0,0,0,1,0,,exclusive
Asteraceae,Baccharis,steetzii,1,En,1,5,,,1,,1,,,,1,1,,1,2,Achene,0,0,0,0,1,,
Asteraceae,Baccharis,gnidiifolia,1,NaQ,1,4,,1,1,,1,,,,,,,1,,Achene,0,0,0,0,1,,
Malvaceae,Bastardia,viscosa,1,Id,1,9,1,,1,,1,,1,1,1,1,1,1,1,Schizocarp,1,0,0,0,0,,
Batidaceae,Batis,maritima,1,Id,1,6,1,,1,,1,,,,1,1,,1,1,Drupe-like,0,0,0,1,0,,exclusive
Asteraceae,Bidens,pilosa,,NaQ,1,6,,1,1,,1,,,,1,1,,1,2,Achene,0,0,1,0,0,,
Asteraceae,Bidens,riparia,1,Id,1,6,1,1,1,,1,,,,,1,,1,2,Achene,0,0,1,0,0,,
Asteraceae,Blainvillea,dichotoma,1,Id,8,10,1,1,1,,1,,1,1,1,1,1,1,1,Achene,0,0,1,0,0,,
Acanthaceae,Blechum,puberulum,,NaQ,,,,1,1,,1,,1,1,1,1,,1,,Capsule,1,0,0,0,0,,
Acanthaceae,Blechum,pyramidatum,1,Id,1,7,,1,1,,1,,1,,1,1,,1,1,Capsule,1,0,0,0,0,,
Acanthaceae,Blechum,polypodioides,1,NaQ,1,7,,,1,,1,,1,1,1,1,,1,,,1,0,0,0,0,,
Amaranthaceae,Blutaparon,rigidum,,En,1,1,,,,,,,,,,,,1,1,Achene,1,0,0,0,0,,
Nyctaginaceae,Boerhavia,erecta,1,Id,1,9,1,1,1,,1,,1,,1,1,1,1,,Anthocarp,1,0,0,0,0,,
Nyctaginaceae,Boerhavia,coccinea,1,Id,1,9,1,1,1,,1,,1,,1,1,1,1,,Anthocarp,0,0,1,0,0,,
Rubiaceae,Borreria,perpusilla,1,En,1,5,,,1,,,,,,1,1,1,1,1,Capsule,1,0,0,0,0,,
Rubiaceae,Borreria,linearifolia,1,En,1,6,,1,1,,1,,1,,,,1,1,1,Capsule,1,0,0,0,0,,
Rubiaceae,Borreria,suberecta,1,En,1,8,,1,,,1,1,1,1,1,,1,1,1,Capsule,1,0,0,0,0,,
Rubiaceae,Borreria,ericaefolia,1,En,1,9,,1,1,1,1,,1,1,1,,1,1,1,Capsule,1,0,0,0,0,,
Rubiaceae,Borreria,rotundifolia,,En,1,1,,,,,,,,,,1,,,1,Capsule,1,0,0,0,0,,
Rubiaceae,Borreria,dispersa,1,NaQ,1,6,,,1,,1,,1,1,1,1,,1,,,1,0,0,0,0,,
Poaceae,Bouteloua,disticha,,NaQ,1,10,1,1,1,,1,,1,1,1,1,1,1,1,Caryopside,0,0,1,0,0,,
Apiaceae,Bowlesia,palmata,,Id,1,2,,1,,,,,,,,1,,,1,Schizocarp,0.5,0,0.5,0,0,,
Poaceae,Brachiaria,multiculma,1,En,1,11,1,1,1,1,1,,1,1,1,1,1,1,,,1,0,0,0,0,,
Cactaceae,Brachycereus,nesioticus,1,En,1,6,,1,,1,1,,1,,,1,,1,1,Berry,0,1,0,0,0,,
Asteraceae,Brickellia,diffusa,1,Id,1,5,,1,,,1,,,1,,1,,1,1,Achene,0,0,0,0,1,,
,Buddleja,,,,,,,,,,,,,,,,,,,,,,,,1,,
Cyperaceae,Bulbostylis,juncoides,1,Id,1,8,,1,1,,1,1,1,,1,1,,1,1,Achene,1,0,0,0,0,,
Burseraceae,Bursera,graveolens,1,Id,1,11,1,1,1,1,1,1,1,,1,1,1,1,1,Drupe,0,1,0,0,0,,
Portulacaceae,Calandrinia,galapagosa,1,En,1,1,,,,,,,,,1,,,,,Capsule,1,0,0,0,0,,
Scrophulariaceae,Calceolaria,meistantha,,Id,1,2,,1,,,1,,,,,,,,1,Capsule,1,0,0,0,0,,
,Callitriche,,,,,,,,,,,,,,,,,,,,,,,,,,
Fabaceae,Canavalia,rosea,1,Id,1,4,,,,,1,1,1,,,,,1,,,0,0,0,1,0,,
Cannaceae,Canna,lambertii,1,Id,1,2,,,,,,,,,,1,,1,1,Capsule,0.5,0,0,0.5,0,,
Scrophulariaceae,Capraria,biflora,1,Id,1,5,,,1,,1,,,1,1,1,,,2,Capsule,1,0,0,0,0,,
Scrophulariaceae,Capraria,peruviana,1,Id,1,6,,,1,,1,,,1,1,1,,1,2,Capsule,1,0,0,0,0,,
Solanaceae,Capsicum,galapagoense,,En,1,2,,,,,1,,,,,1,,,1,Berry,0,1,0,0,0,,
Sapindaceae,Cardiospermum,galapageium,1,En,1,5,,,1,,1,,,,1,1,,1,1,Capsule,0,0,0,0.5,0.5,Two syndromes,
Sapindaceae,Cardiospermum,corindum,1,Id,1,6,,,1,,1,,,1,1,1,,1,1,Capsule,0,0,0,0.5,0.5,Two syndromes,
Simaroubaceae,Castela,galapageia,1,En,1,11,1,1,1,,1,1,1,1,1,1,1,1,1,Drupe,0,1,0,0,0,,
Scrophulariaceae,Castilleja,arvensis,,Id,1,3,,1,,,1,,,,,1,,,1,Capsule,1,0,0,0,0,,
Poaceae,Cenchrus,platyacanthus,1,En,1,11,1,1,1,1,1,1,1,,1,1,1,1,1,Caryopside,0,0,1,0,0,,
Apiaceae,Centella,asiatica,,Id,1,5,,,,,1,,,1,1,1,,1,1,Schizocarp,1,0,0,0,0,,
,Ceratophyllum,,,,,,,,,,,,,,,,,,,,,0.5,,0.5,,,
Euphorbiaceae,Chamaesyce,abdita,1,En,1,4,1,,,1,,,,,,1,1,,1,Capsule,1,0,0,0,0,,
Euphorbiaceae,Chamaesyce,galapageia,1,En,1,6,,1,1,,1,,1,,,1,,1,1,Capsule,1,0,0,0,0,,
Euphorbiaceae,Chamaesyce,nummularia,1,En,1,9,1,,1,1,1,,1,,1,1,1,1,1,Capsule,1,0,0,0,0,,
Euphorbiaceae,Chamaesyce,viminea,1,En,1,10,,1,1,1,1,1,1,,1,1,1,1,1,Capsule,1,0,0,0,0,,
Euphorbiaceae,Chamaesyce,amplexicaulis,1,En,1,11,1,,1,1,1,1,1,1,1,1,1,1,1,Capsule,1,0,0,0,0,,
Euphorbiaceae,Chamaesyce,recurva,1,En,1,11,1,1,1,1,1,,1,1,1,1,1,1,1,Capsule,1,0,0,0,0,,
Euphorbiaceae,Chamaesyce,punctulata,1,En,1,11,1,1,1,,1,1,1,1,1,1,1,1,1,Capsule,1,0,0,0,0,,
Rubiaceae,Chiococca,alba,1,Id,1,10,1,1,1,,1,1,1,1,1,1,,1,1,Drupe,0,1,0,0,0,,
,Chloris,,,,,,,,,,,,,,,,,,,,,,0.5,,0.5,,
Asteraceae,Chrysanthellum,pusillum,1,En,1,7,1,1,1,,1,,,,1,1,,1,1,Achene,1,0,0,0,0,,
Menispermaceae,Cissampelos,glaberrima,,Id,1,2,,,,,,,,,,1,,1,2,Drupe,0,0.5,0.5,0,0,,
Menispermaceae,Cissampelos,pareira,1,Id,1,8,,1,1,,1,,1,1,1,1,,1,2,Drupe,0,0.5,0.5,0,0,Two syndromes,
Vitaceae,Cissus,verticillata,1,Id,1,6,,1,1,,1,1,,,1,1,,,1,Berry,0,1,0,0,0,,
Verbenaceae,Clerodendrum,molle,1,Id,1,5,,,1,,1,,,,1,1,,1,,,0,0,0,1,0,,
Commelinaceae,Commelina,diffusa,1,Id,1,8,,1,1,,1,,1,1,1,1,,1,1,Capsule,1,0,0,0,0,,
Nyctaginaceae,Commicarpus,tuberosus,1,Id,1,8,1,,1,1,1,,,1,1,1,,1,1,Achene,0,0,0.5,0.5,0,Two syndromes,
Combretaceae,Conocarpus,erectus,1,Id,1,7,,1,,,1,1,1,,1,1,,1,1,Drupe-like,0,0,0,0.5,0.5,Two syndromes,exclusive
,Convolvulus,,,,,,,,,,,,,,,,,,,,,,,,,,
Tiliaceae,Corchorus,orinocensis,1,Id,1,7,1,1,1,,1,,1,1,,1,,,1,Capsule,1,0,0,0,0,,
Boraginaceae,Cordia,polycephala,1,Id,1,1,,,,,1,,,,,,,,2,Drupe,0,1,0,0,0,,
Boraginaceae,Cordia,revoluta,1,En,1,4,,1,1,,1,,,,,,,1,2,Drupe,0,1,0,0,0,,
Boraginaceae,Cordia,leucophlyctis,1,En,1,6,,1,1,,1,,,,1,1,,1,,,0,1,0,0,0,,
Boraginaceae,Cordia,scouleri,1,En,1,6,,,1,,1,,1,,1,1,,1,2,Drupe,0,1,0,0,0,,
Boraginaceae,Cordia,anderssonii,1,En,1,8,1,,1,,1,,1,1,1,1,,1,2,Drupe,0,1,0,0,0,,
Boraginaceae,Cordia,lutea,1,Id,1,11,1,,1,1,1,1,1,1,1,1,1,1,2,Drupe,0,0.5,0.5,0,0,Two syndromes,
,Coronopus,,,,,,,,,,,,,,,,,,,,1,,,,,,
Orchidaceae,Cranichis,schlimii,1,Id,1,2,,1,1,,,,,,,,,,3,Capsule,0,0,0,0,1,,
Orchidaceae,Cranichis,lichenophila,1,En,1,1,,,,,1,,,,,,,,3,Capsule,0,0,0,0,1,,
Orchidaceae,Cranichis,werffii,,EnQ,1,2,,,,,1,,,,,1,,,3,Capsule,0,0,0,0,1,,
,Crassula,,,,,,,,,,,,,,,,,,,,1,,,,,,
Convolvulaceae,Cressa,truxillensis,1,Id,1,1,,,,,,,,,1,,,,1,Capsule,1,0,0,0,0,,
Fabaceae,Crotalaria,incana,1,Id,1,8,,1,,,1,1,1,,1,1,1,1,2,Pod,1,0,0,0,0,,
Fabaceae,Crotalaria,pumila,1,Id,1,10,1,1,1,,1,,1,1,1,1,1,1,2,Pod,1,0,0,0,0,,
Euphorbiaceae,Croton,scouleri,1,En,1,12,1,1,1,1,1,1,1,1,1,1,1,1,1,Capsule,1,0,0,0,0,,
Nyctaginaceae,Cryptocarpus,pyriformis,1,Id,1,12,1,1,1,1,1,1,1,1,1,1,1,1,1,Achene,0,0,0,1,0,,presence
Lythraceae,Cuphea,carthagenensis,1,Id,1,4,,,,,1,,,,1,1,,1,1,Capsule,0,0,0,1,0,,
Convolvulaceae,Cuscuta,gymnocarpa,1,En,1,7,1,1,1,1,1,,,,,1,,1,2,Capsule,1,0,0,0,0,,
Convolvulaceae,Cuscuta,acuta,1,En,1,8,1,1,1,1,1,1,,,,1,,1,2,Capsule,1,0,0,0,0,,
Orchidaceae,Cyclopogon,werffii,,En,1,1,,,,,,,,,,1,,,,Capsule,0,0,0,0,1,,
Apiaceae,Cyclospermum,laciniatum,,Id,1,6,,,1,,1,,1,,1,1,,1,,,1,0,0,0,0,,
Cyperaceae,Cyperus,laevigatus,1,Id,1,2,,,,,1,,,,,1,,,14,Achene,0.5,0,0,0.5,0,,presence
Cyperaceae,Cyperus,distans,1,Id,1,3,,,1,,1,,,,,1,,,14,Achene,0.5,0,0,0.5,0,,
Cyperaceae,Cyperus,elegans,1,En,1,7,1,,1,1,,,,1,1,1,1,,14,Achene,0.5,0,0,0.5,0,,presence
Cyperaceae,Cyperus,anderssonii,1,En,1,12,1,1,1,1,1,1,1,1,1,1,1,1,14,Achene,0.5,0,0,0.5,0,,
Cyperaceae,Cyperus,virens,1,Id,1,4,,,,,1,,,,1,1,,1,14,Achene,0.5,0,0,0.5,0,,
Cyperaceae,Cyperus,grandifolius,,En,1,3,,,1,,,,,,1,1,,,14,Achene,0.5,0,0,0.5,0,,
Cyperaceae,Cyperus,esculentus,1,Id,1,5,,,1,,1,,,,1,1,,1,14,Achene,0.5,0,0,0.5,0,,presence
Cyperaceae,Cyperus,ligularis,1,Id,1,6,,1,1,,1,1,1,,,1,,,14,Achene,0.5,0,0,0.5,0,,presence
Cyperaceae,Cyperus,squarrosus,1,Id,1,11,1,1,1,1,1,1,1,,1,1,1,1,14,Achene,0.5,0,0,0.5,0,,
Cyperaceae,Cyperus,confertus,1,Id,1,12,1,1,1,1,1,1,1,1,1,1,1,1,14,Achene,0.5,0,0,0.5,0,,
Fabaceae,Dalea,tenuicaulis,1,En,1,5,,,1,,1,,,,1,1,,1,1,Pod,1,0,0,0,0,,
Asteraceae,Erigeron,alternifolius,1,En,1,1,,,,,1,,,,,,,,,,0,0,0,0,1,,
Asteraceae,Darwiniothamnus,lancifolius,1,En,1,3,,1,,,1,,,,,1,,,,,0,0,0,0,1,,
Asteraceae,Darwiniothamnus,tenuifolius,1,En,1,4,,,1,,1,,,1,,1,,,,,0,0,0,0,1,,
Asteraceae,Delilia,inelegans,1,En,1,2,,,1,,,,,,,1,,,,,0,0,0,0,1,,
Asteraceae,Delilia,repens,1,En,1,5,,1,,,1,,1,,,1,,1,,,0.5,0,0.5,0,0,,
Mimosaceae,Desmanthus,virgatus,1,Id,1,7,1,,1,,1,,1,1,1,1,,,1,Pod,1,0,0,0,0,,
Fabaceae,Desmodium,procumbens,1,Id,1,12,1,1,1,1,1,1,1,1,1,1,1,1,4,Pod,0,0,1,0,0,,
Convolvulaceae,Dichondra,microcalyx,1,Id,1,7,,1,1,,1,,1,,1,1,,1,1,Capsule,1,0,0,0,0,,
Acanthaceae,Dicliptera,peruviana,1,Id,1,3,,1,,,1,,,,,,,1,1,Capsule,1,0,0,0,0,,
,Digitaria,,,,,,,,,,,,,,,,,,,,,,,,,,
Rubiaceae,Diodia,radula,1,Id,1,6,,1,1,,1,,,,1,1,,1,,,0,0,0,1,0,,
Poaceae,Distichlis,spicata,,Id,1,1,,,,,1,,,,,,,,1,Caryopside,1,0,0,0,0,,
Sapindaceae,Dodonaea,viscosa,1,En,1,3,,,,,1,,1,,1,,,,2,Capsule,0,0,0,0.5,0.5,Two syndromes,
Caryophyllaceae,Drymaria,monticola,,En,1,2,,,,,,,,,,1,,1,3,Capsule,1,0,0,0,0,,
Caryophyllaceae,Drymaria,rotundifolia,,Id,1,2,,1,,,1,,,,,,,,3,Capsule,1,0,0,0,0,,
Caryophyllaceae,Drymaria,cordata,1,Id,1,5,,,1,,1,,,,1,1,,1,3,Capsule,1,0,0,0,0,,
Verbenaceae,Duranta,erecta,1,Id,1,3,,,,,1,,,,1,1,,,3,Drupe-like,0,1,0,0,0,,
Verbenaceae,Duranta,dombeyana,1,Id,1,4,,1,1,,1,,,,1,,,,3,Drupe-like,0,1,0,0,0,,
Verbenaceae,Duranta,mutisii,,Id,1,1,,,,,,,,1,,,,,3,Drupe-like,0,1,0,0,0,,
Asteraceae,Eclipta,prostrata,1,Id,1,5,,,1,,1,,,,1,1,,1,1,Achene,0,0,1,0,0,,
Cucurbitaceae,Elaterium,carthagenense,,Id,1,3,,,,,1,,1,,,,,1,1,Capsule,1,0,0,0,0,,
Cyperaceae,Eleocharis,maculosa,1,Id,1,4,,,,,1,,,,1,1,,1,6,Achene,1,0,0,0,0,,
Cyperaceae,Eleocharis,mutata,1,Id,1,4,,,,,1,,,,1,1,,1,6,Achene,1,0,0,0,0,,
Cyperaceae,Eleocharis,atropurpurea,,Id,1,3,,,,,1,,,,1,1,,,6,Achene,1,0,0,0,0,,presence
Cyperaceae,Eleocharis,acutangula,,Id,1,4,,,1,,,,,,1,1,,1,6,Achene,1,0,0,0,0,,
Cyperaceae,Eleocharis,montana,,Id,1,5,,,1,,1,,,,1,1,,1,6,Achene,1,0,0,0,0,,
Cyperaceae,Eleocharis,sellowiana,1,Id,1,5,,,1,,1,,,,1,1,,1,6,Achene,1,0,0,0,0,,
Asteraceae,Encelia,hispida,1,En,1,5,,,1,,1,,,,1,,1,1,1,Achene,0,0,1,0,0,,
Asteraceae,Enydra,sessilifolia,1,Id,1,2,,,,,,,,,1,1,,,1,Achene,1,0,0,0,0,,
Asteraceae,Enydra,maritima,,Id,1,3,,,,,,,,,1,1,,1,1,Achene,1,0,0,0,0,,
Orchidaceae,Epidendrum,spicatum,1,En,1,6,,,1,,1,,1,,1,1,,1,1,Capsule,0,0,0,0,1,,
Poaceae,Eragrostis,pastoensis,,Id,1,3,,1,,,,1,1,,,,,,4,Caryopside,0,0,0,0,0,,
Poaceae,Eragrostis,mexicana,,Id,1,5,,1,,,1,1,1,,,1,,,4,Caryopside,0,0,0,0,0,,
Poaceae,Eragrostis,ciliaris,1,Id,1,12,1,1,1,1,1,1,1,1,1,1,1,1,4,Caryopside,1,0,0,0,0,,
Poaceae,Eriochloa,pacifica,1,Id,1,2,,,,,,,,,1,1,,,1,Caryopside,0,0,1,0,0,,
Fabaceae,Erythrina,velutina,1,Id,1,4,,,,1,1,,,,,1,,1,1,Pod,0,0,0,1,0,,
Orchidaceae,Erythrodes,weberiana,,Id,1,1,,,,,,,1,,,,,,1,Capsule,0,0,0,0,1,,
Asteraceae,Eupatorium,pycnocephalum,,In,1,1,,,,,,,,,,1,,,1,Achene,0,0,0,0,1,,
Asteraceae,Eupatorium,solidagioides,,Id,1,1,,,,,1,,,,,,,,1,Achene,0,0,0,0,1,,
Euphorbiaceae,Euphorbia,parviflora,,NoData,1,1,,,,,,,,,,1,,,1,Capsule,1,0,0,0,0,,
Convolvulaceae,Evolvulus,convolvuloides,1,Id,1,9,1,,1,,1,,1,1,1,1,1,1,2,Capsule,1,0,0,0,0,,
Convolvulaceae,Evolvulus,simplex,1,Id,1,9,1,,1,1,1,,,1,1,1,1,1,2,Capsule,1,0,0,0,0,,
Solanaceae,Exodeconus,miersii,1,Id,1,12,1,1,1,1,1,1,1,1,1,1,1,1,,,0,0.5,0,0.5,0,Two syndromes,
Cyperaceae,Fimbristylis,dichotoma,1,Id,1,8,1,,1,,1,1,,,1,1,1,1,,,1,0,0,0,0,,
Amaranthaceae,Froelichia,juncea,1,En,1,3,,,,,1,,,,,1,,1,1,Utricle,0,0,0,0,1,,
Amaranthaceae,Froelichia,nudicaulis,1,En,1,7,,1,1,,1,,,1,1,1,,1,1,Utricle,0,0,0,0,1,,
Malvaceae,Fuertesimalva,insularis,1,En,1,3,,1,,,1,,,,,1,,,,,1,0,0,0,0,,
Fabaceae,Galactia,striata,1,Id,1,10,1,1,1,,1,,1,1,1,1,1,1,2,Pod,1,0,0,0,0,,
Asteraceae,Galinsoga,gnidiifolia,1,Id,1,4,,1,1,,1,,,,,,,1,,,0,0,1,0,0,,
Rubiaceae,Galium,galapagoense,,En,1,5,,,1,,1,,,,1,1,,1,2,Schizocarp ,0,0,1,0,0,,
Scrophulariaceae,Galvezia,leucantha,1,En,1,3,,1,,,1,,,,,,,1,1,Capsule,1,0,0,0,0,,
,Geofrea,,,,,,,,,,,,,,,,,,,,0.5,,,0.5,,,
,Gnaphalium,,,,,,,,,,,,,,,,,,,,,,,,1,,
Malvaceae,Gossypium,klotzschianum,1,En,1,4,,,,,1,1,,,1,1,,,2,Capsule,0,0,0,0.5,0.5,Two syndromes,
Malvaceae,Gossypium,darwinii,1,En,1,10,1,1,1,,1,1,1,1,1,1,,1,2,Capsule,0,0,0,0.5,0.5,Two syndromes,
Orchidaceae,Govenia,utriculata,,Id,1,2,,,,,,,1,,,1,,,1,Capsule,0,0,0,0,1,,
Solanaceae,Grabowskia,boerhaaviaefolia,1,Id,1,8,1,,1,,,,1,1,1,1,1,1,1,nutlet,0,1,0,0,0,,presence
Orchidaceae,Habenaria,distans,,Id,1,2,,,,,1,,,,,1,,,3,Capsule,0,0,0,0,1,,
Orchidaceae,Habenaria,alata,,Id,1,3,,1,,,1,,,,,,,1,3,Capsule,0,0,0,0,1,,
Orchidaceae,Habenaria,monorrhiza,,Id,1,4,,,,,1,,,,1,1,,1,3,Capsule,0,0,0,0,1,,
Boraginaceae,Heliotropium,indicum,1,Id,1,3,,,1,,,,,,1,1,,,4,Nutlet,1,0,0,0.5,0,,
Boraginaceae,Heliotropium,anderssonii,1,En,1,1,,,,,,,,,,1,,,4,Nutlet,0,0,1,0,0,,
Boraginaceae,Heliotropium,curassavicum,1,Id,1,10,1,,1,1,1,1,1,1,1,1,,1,4,Nutlet,1,0,0,0,0,,exclusive
Boraginaceae,Heliotropium,angiospermum,1,Id,1,11,1,1,1,1,1,,1,1,1,1,1,1,4,Nutlet,1,0,0,0,0,,
Cyperaceae,Hemicarpha,micrantha,,,,,,,,,,,,,,,,,,,,,,,,,
Malvaceae,Herissantia,crispa,1,Id,1,6,,,1,,1,,1,,1,1,,1,1,Schizocarp ,1,0,0,0,0,,
Malvaceae,Hibiscus,diversifolius,1,Id,1,3,,,,,1,,,,1,1,,,1,Capsule,1,0,0,0,0,,
Malvaceae,Hibiscus,pernabucensis,1,Id,1,4,,,1,,1,,,,1,1,,,1,Capsule,0,0,0,1,0,,
Euphorbiaceae,Hippomane,mancinella,1,Id,1,5,,,1,,1,,,,1,1,,1,1,Drupe-like,0,0.5,0,0.5,0,Two syndromes,
Apiaceae,Hydrocotyle,umbellata,1,Id,1,3,,,,,1,,,,1,1,,,1,Schizocarp,1,0,0,0,0,,
Apiaceae,Hydrocotyle,galapagensis,,En,1,1,,,,,,,,,1,,,,1,Schizocarp,1,0,0,0,0,,
Clusiaceae,Hypericum,pratense,,Id,1,1,,,,,,,,,,1,,,1,Capsule,1,0,0,0,0,,
Clusiaceae,Hypericum,thesiifolium,,Id,1,4,,,,,1,,,,1,1,,1,1,Capsule,1,0,0,0,0,,
Hypoxidaceae,Hypoxis,decumbens,1,Id,1,6,,,1,,1,,1,,1,1,,1,1,Capsule,1,0,0,0,0,,
Lamiaceae,Hyptis,gymnocaulos,1,En,1,1,,,,,1,,,,,,,,2,Nutlet,1,0,0,0,0,,
Lamiaceae,Hyptis,spicigera,,Id,1,6,,1,1,,1,,,,1,1,,1,2,Nutlet,1,0,0,0,0,,
Gra,Ichnanthus,,,,,,,,,,,,,,,,,,,,1,,,,,,
Solanaceae,Iochroma,ellipticum,1,En,1,7,,1,1,,1,,,1,1,1,,1,,Berry,0,1,0,0,0,,
Orchidaceae,Ionopsis,utricularioides,1,Id,1,6,,,1,,1,,1,1,,1,,1,1,Capsule,0,0,0,0,1,,
,Ipomoea,linearifolia,,,,,,,,,,,,,,,,,,,,,,,,,
Convolvulaceae,Ipomoea,imperati,1,Id,1,1,,,,,1,,,,,,,,6,Capsule,0,0,0,1,0,,
Convolvulaceae,Ipomoea,tubiflora,1,En,1,3,,,,,,,,,1,1,,1,6,Capsule,0,0,0,1,0,,
Convolvulaceae,Ipomoea,habeliana,1,En,1,9,1,,1,1,1,1,1,1,,1,,1,6,Capsule,0,0,0,1,0,,
Convolvulaceae,Ipomoea,incarnata,1,Id,1,7,,1,,1,1,,1,1,,1,,1,6,Capsule,0,0,0,1,0,,
Convolvulaceae,Ipomoea,pes-caprae,1,Id,1,7,,1,,1,1,1,1,,1,1,,,6,Capsule,0,0,0,1,0,,exclusive
Convolvulaceae,Ipomoea,triloba,1,Id,1,9,1,1,1,,1,,1,1,1,1,,1,6,Capsule,0,0,0,1,0,,
Asteraceae,Jaegeria,gracilis,1,En,1,6,,1,1,,1,,,,1,1,,1,1,Achene,1,0,0,0,0,,
Solanaceae,Jaltomata,werffii,,En,1,4,,1,,,1,,,,,1,,1,1,Berry-like,0,1,0,0,0,,
Cactaceae,Jasminocereus,thouarsii,1,En,1,6,,1,1,,1,,,,1,1,,1,1,Berry,0,1,0,0,0,,
Juncaceae,Juncus ,pallescens,,,,,,,,,,,,,,,,1,,,,,,,,,
Acanthaceae,Justicia,galapagana,1,En,1,7,,1,1,,1,,1,,1,1,,1,1,Capsule,1,0,0,0,0,,
Asteraceae,Koanophyllum,,,,,,,,,,,,,,,,,,,,,,,,1,,
Zygophyllaceae,Kallstroemia,adscendens,1,En,1,9,1,1,1,,1,,1,1,1,1,1,,1,Mericarp,1,0,0,0,0,,
Loasaceae,Klaprothia,fasciculata,1,Id,1,5,,1,,,1,,1,,,1,,1,,,0,0,1,0,0,,
Cyperaceae,Kyllinga,brevifolia,1,Id,1,5,,,1,,1,,,,1,1,,1,,,1,0,0,0,0,,
Cyperaceae,Kyllinga,pumila,,Id,1,2,,,,,,,,,1,1,,,,,1,0,0,0,0,,
Combretaceae,Laguncularia,racemosa,1,Id,1,8,,1,1,,1,,1,1,1,1,,1,1,Drupe-like,0,0,0,1,0,,exclusive
Verbenaceae,Lantana,peduncularis,1,En,1,12,1,1,1,1,1,1,1,1,1,1,1,1,1,Drupaceous,0,1,0,0,0,,
Urticaceae,Laportea,aestuans,1,Id,1,10,1,1,1,,1,,1,1,1,1,1,1,,,0,0,1,0,0,,
Asteraceae,Lecocarpus,darwinii,1,En,1,1,,,,,,,,,1,,,,1,Achene,0,0,0.5,0,0.5,,
Asteraceae,Lecocarpus,leptolobus,1,En,1,1,,,,,,,,,1,,,,1,Achene,0,0,0,0,0.5,,
Asteraceae,Lecocarpus,pinnatifidus,1,En,1,2,,,1,,,,,,1,,,,1,Achene,0,0,0,0,0.5,,
Asteraceae,Lecocarpus,lecocarpoides,1,En,1,3,1,,,,,,,,1,1,,,1,Achene,0,0,0,0,0.5,,
Araceae,Lemna,aequinoctialis,1,Id,1,4,,,1,,1,,,,1,1,,,1,Utricle,1,0,0,0,0,,
Cruc,Lepidium,,,,,,,,,,,,,,,,,,,,,,,,,,
Gra,Leptochloa,,,,,,,,,,,,,,,,,,,,,1,,,,,
,Lindernia,,,,,,,,,,,,,,,,,,,,1,,,,,,
Linaceae,Linum,cratericola,,En,1,1,,,1,,,,,,,,,,1,Capsule,1,0,0,0,0,,
Linaceae,Linum,harlingii,,En,1,1,,,,,1,,,,,,,,1,Capsule,1,0,0,0,0,,
Orchidaceae,Liparis,nervosa,,Id,1,2,,,,,,,1,,,1,,,1,Capsule,0,0,0,0,1,,
Verbenaceae,Lippia,salicifolia,1,En,1,1,,,1,,,,,,,,,,2,Drupaceous,1,0,0,0,0,,
Verbenaceae,Lippia,rosmarinifolia,1,En,1,4,,1,,,1,,1,,,,,1,2,Drupaceous,1,0,0,0,0,,
Amaranthaceae,Lithophila,subscaposa,1,En,1,3,,,1,,,,,1,,,,1,1,Utricle,1,0,0,0,0,,
Amaranthaceae,Lithophila,radicata,1,En,8,4,1,,1,,,,,1,1,,,,1,Utricle,1,0,0,0,0,,
Campanulaceae,Lobelia,xalapensis,1,Id,1,7,,1,1,,1,,1,,1,1,,1,1,Capsule,1,0,0,0,0,,
Onagraceae,Ludwigia,leptocarpa,1,Id,1,3,,,,,,,,,1,1,,1,3,Capsule,0,0,0,1,0,,
Onagraceae,Ludwigia,erecta,1,Id,1,5,1,,1,,,,,,1,1,1,,3,Capsule,0,0,0,1,0,,
Onagraceae,Ludwigia,peploides,,Id,1,4,,,,,1,,,,1,1,,1,3,Capsule,0,0,0,1,0,,
Cucurbitaceae,Luffa,,,,,,,,,,,,,,,,,,,,,,,1,,,
Solanaceae,Lycium,minimum,1,En,1,8,1,,1,,1,,1,1,,1,1,1,1,Berry,0,1,0,0,0,,exclusive
Asteraceae,Macraea,laricifolia,1,En,1,7,,1,1,,1,,1,,1,1,,1,1,Achene,0,0,0,0,1,,
Fabaceae,Macroptilium,atropurpureum,1,Id,1,4,,,1,,1,,,,1,,,1,,,1,0,0,0,0,,
Celastraceae,Maytenus,octogona,1,Id,1,9,1,1,1,,1,,,1,1,1,1,1,1,Capsule,0,1,0,0,0,,presence
Scrophulariaceae,Mecardonia,procumbens,,Id,1,4,,,1,,1,,,,1,1,,,1,Capsule,1,0,0,0,0,,
Loasaceae,Mentzelia,aspera,1,Id,1,10,1,,1,1,1,,1,1,1,1,1,1,1,Capsule,0,0,1,0,0,,
Convolvulaceae,Merremia,aegyptia,1,Id,1,11,1,,1,1,1,1,1,1,1,1,1,1,1,Capsule,1,0,0,0,0,,
Melastomataceae,Miconia,robinsoniana,,En,1,2,,,,,,,,,1,1,,,1,Berry,0,1,0,0,0,,
Molluginaceae,Mollugo,cerviana,1,Id,1,5,,,,,1,,1,,1,1,,1,2,Capsule,1,0,0,0,0,,presence
Molluginaceae,Mollugo,crockeri,1,En,1,3,,,,,1,,,,,1,,1,2,Capsule,1,0,0,0,0,,
Molluginaceae,Mollugo,snodgrassii,1,En,1,3,,1,,,1,,1,,,,,,2,Capsule,1,0,0,0,0,,
Molluginaceae,Mollugo,floriana,1,En,1,5,,,1,,,,1,1,,1,,1,2,Capsule,1,0,0,0,0,,
Molluginaceae,Mollugo,flavescens,1,En,1,12,1,1,1,1,1,1,1,1,1,1,1,1,2,Capsule,1,0,0,0,0,,
Poaceae,Muhlenbergia,microsperma,,Id,1,3,,1,,,1,,,,,1,,,1,Caryopside,0,0,0.5,0,0.5,,
Hydrophyllaceae,Nama,dichotomum,,Id,1,2,,,,,1,,,,,1,,,1,Capsule,1,0,0,0,0,,
Mimosaceae,Neptunia,plena,1,Id,1,9,1,,1,,,1,1,1,1,1,1,1,1,Pod,1,0,0,0,0,,
Solanaceae,Nicandra,,,,,,,,,,,,,,,,,,,Berry,,1,,,,,
Solanaceae,Nicotiana,glutinosa,1,Id,1,2,,,1,,1,,,,,,,,1,Capsule,1,0,0,0,0,,
Solanaceae,Nolana,galapagensis,1,En,1,4,,,1,,1,,,,1,1,,,1,mericarp,0,0,0,1,0,,exclusive
Balanophoraceae,Ombrophytum,peruvianum,,Id,1,1,,,,,,,,,,1,,,1,Achene,0.5,0,0,0.5,0,,
Balanophoraceae,Ombrophytum,subterraneum,,Id,1,1,,,,,,,,,,1,,,1,Achene,0.5,0,0,0.5,0,,
Gra,Oplismenus,,,,,,,,,,,,,,,,,,,,1,,,,,,
Cactaceae,Opuntia,saxicola,1,En,1,1,,,,,1,,,,,,,,2,Berry,0,1,0,0,0,,
Cactaceae,Opuntia,helleri,1,En,1,2,,,,1,,1,,,,,,,2,Berry,0,1,0,0,0,,
Cactaceae,Opuntia,insularis,1,En,1,2,,1,,,1,,,,,,,,2,Berry,0,1,0,0,0,,
Cactaceae,Opuntia,echios,1,En,1,3,,,,,1,,,,,1,1,,2,Berry,0,1,0,0,0,,
Cactaceae,Opuntia,megasperma,1,En,1,5,1,,1,,1,,,,1,1,,,2,Berry,0,1,0,0,0,,
Cactaceae,Opuntia,galapageia,1,En,1,6,,,,,1,,1,1,,1,1,1,2,Berry,0,1,0,0,0,,
Oxalidaceae,Oxalis,megalorrhiza,1,Id,1,5,,,1,,,,1,1,,1,,1,2,Capsule,1,0,0,0,0,,
Oxalidaceae,Oxalis,dombeyi,1,Id,1,10,1,1,1,,1,,1,1,1,1,1,1,2,Capsule,1,0,0,0,0,,
Poaceae,Panicum,arundinariae,1,Id,1,3,,1,,,1,,,,,1,,,7,Caryopside,1,0,0,0,0,,
Poaceae,Panicum,laxum,1,Id,1,4,,,,,1,,,,1,1,,1,7,Caryopside,1,0,0,0,0,,
Poaceae,Panicum,dichotomiflorum,1,Id,1,5,1,,,,1,,,,1,1,,1,7,Caryopside,1,0,0,0,0,,
Poaceae,Panicum,alatum,1,Id,1,6,1,,,,,,,1,1,1,1,1,7,Caryopside,1,0,0,0,0,,
Poaceae,Panicum,glutinosum,,Id,1,3,,,,,1,,,,1,1,,,7,Caryopside,1,0,0,0,0,,
Poaceae,Panicum,hirticaule,1,Id,1,8,1,,1,,1,,,1,1,1,1,1,7,Caryopside,1,0,0,0,0,,
Urticaceae,Parietaria,debilis,1,Id,1,6,,1,1,,1,,1,,,1,,1,1,Achene,0,0,1,0,0,,
Caesalpinaceae,Parkinsonia,aculeata,1,Id,1,6,1,,1,,1,,,1,1,1,,,1,Pod,0,0,0,1,0,,
Poaceae,Paspalidium,geminatum,1,Id,1,6,1,,1,,,,,1,1,1,,1,,,1,0,0,0,0,,
Poaceae,Paspalum,distichum,1,Id,1,2,,,,,,,,,,1,,1,3,Caryopside,1,0,0,0,0,,
Poaceae,Paspalum,vaginatum,1,Id,1,4,,,,,1,,,,1,1,,1,3,Caryopside,1,0,0,0,0,,
Poaceae,Paspalum,redundans,1,En,1,4,,,1,,1,,,,1,1,,,3,Caryopside,1,0,0,0,0,,
Poaceae,Paspalum,galapageium,1,En,1,8,,1,1,,1,1,1,,1,1,,1,3,Caryopside,1,0,0,0,0,,
Poaceae,Paspalum,paniculatum,,Id,1,4,,1,1,,,,,,1,1,,,3,Caryopside,1,0,0,0,0,,
Poaceae,Paspalum,penicillatum,,Id,1,4,,1,1,,1,,,,,1,,,3,Caryopside,1,0,0,0,0,,
Passifloraceae,Passiflora,tridactylites,1,En,1,5,1,,,,1,,1,,,1,,1,3,Berry,0,1,0,0,0,,
Passifloraceae,Passiflora,foetida,1,En,1,6,1,,1,,1,,,,1,1,,1,3,Berry,0,1,0,0,0,,
Passifloraceae,Passiflora,colinvauxii,,En,1,1,,,,,,,,,,1,,,3,Berry,0,1,0,0,0,,
Passifloraceae,Passiflora,suberosa,1,Id,1,8,1,1,1,,1,,1,,1,1,,1,3,Berry,0,1,0,0,0,,
Asteraceae,Pectis,subsquarrosa,1,En,1,10,1,1,1,,1,,1,1,1,1,1,1,2,Achene,0,0,0,0,1,,
Asteraceae,Pectis,tenuifolia,1,En,1,10,1,1,1,1,1,,1,,1,1,1,1,2,Achene,0,0,0,0,1,,
Poaceae,Pennisetum,pauperum,1,En,1,3,,1,,,1,,,,,,,1,1,Caryopside,0.5,0,0.5,0,0,,
Piperaceae,Peperomia,rotundata,1,Id,1,3,,,,,1,,,,,1,,1,3,Drupe-like,0,0,1,0,0,,
Piperaceae,Peperomia,petiolata,1,En,1,8,,1,1,,1,,1,1,1,1,,1,3,Drupe-like,0,0,1,0,0,,
Piperaceae,Peperomia,galioides,1,Id,1,8,,1,1,,1,,1,1,1,1,,1,3,Drupe-like,0,0,1,0,0,,
Piperaceae,Peperomia,inaequalifolia,1,Id,1,8,,1,1,,1,,1,1,1,1,,1,3,Drupe-like,0,0,1,0,0,,
Ericaceae,Pernettya,howellii,,En,1,2,,,,,1,,,,,1,,,1,Berry,0,1,0,0,0,,
Polygonaceae,Persicaria,hydropiperoides,1,Id,1,5,,,1,,1,,,,1,1,,1,,,1,0,0,0,0,,
Polygonaceae,Persicaria,acuminata,,Id,1,1,,,,,,,,,,1,,,,,1,0,0,0,0,,
Fabaceae,Phaseolus,mollis,1,En,1,6,,1,,,1,,1,,1,1,,1,3,Pod,1,0,0,0,0,,
Fabaceae,Phaseolus,cytisoides,,NoData,8,1,,,,,,,,,,1,,,3,Pod,1,0,0,0,0,,
Amaranthaceae,Philoxerus,,,,,,,,,,,,,,,,,,,,0.5,,,0.5,,,
Viscaceae,Phoradendron,berteroanum,1,NoData,1,8,,1,1,,1,,1,1,1,1,,1,1,Drupe,0,0.5,0.5,0,0,Two syndromes,
Verbenaceae,Phyla,strigulosa,1,Id,1,6,1,,1,,1,,,1,1,1,,,1,Dry,1,0,0,0,0,,
Euphorbiaceae,Phyllanthus,caroliniensis,1,Id,1,7,,1,1,,1,,1,,1,1,,1,1,Capsule,1,0,0,0,0,,
Solanaceae,Physalis,galapagoensis,1,En,1,7,1,1,1,,1,,,,1,1,,1,3,Berry,0,0.5,0,0.5,0,Two syndromes,
Solanaceae,Physalis,angulata,1,Id,1,10,1,1,1,,1,1,1,,1,1,1,1,3,Berry,0,0.5,0,0.5,0,Two syndromes,
Solanaceae,Physalis,pubescens,1,Id,1,10,1,1,1,1,1,,1,1,,1,1,1,3,Berry,0,0.5,0,0.5,0,Two syndromes,
Phytolaccaceae,Phytolacca,octandra,1,Id,1,3,,,,,1,,,,,1,,1,1,Berry-like,0,1,0,0,0,,
Urticaceae,Pilea,peploides,1,Id,1,3,,1,1,,1,,,,,,,,2,Achene,1,0,0,0,0,,
Urticaceae,Pilea,baurii,1,En,1,9,1,1,1,,1,,1,1,1,1,,1,2,Achene,1,0,0,0,0,,
Fabaceae,Piscidia,carthagenensis,1,Id,1,2,,,,,,,,,1,1,,,1,Pod,1,0,0,0,0,,
Nyctaginaceae,Pisonia,floribunda,1,En,1,8,,1,1,,1,,1,1,1,1,,1,1,Achene,0,0,1,0,0,,
Plantaginaceae,Plantago,galapagensis,1,En,1,5,,,1,,1,,,,1,1,,1,1,Capsule,1,0,0,0,0,,
Amaranthaceae,Pleuropetalum,darwinii,1,En,1,3,,,,,1,,,,,1,,1,1,Capsule,0,1,0,0,0,,
Plumbaginaceae,Plumbago,coerulea,1,Id,1,1,,,,,1,,,,,,,,2,Capsule,0,0,1,0,0,,
Plumbaginaceae,Plumbago,zeylanica,1,Id,1,11,1,1,1,,1,1,1,1,1,1,1,1,2,Capsule,0,0,1,0,0,,
Polygalaceae,Polygala,anderssonii,1,En,1,3,,,,,1,,,,,1,,1,1,Capsule,1,0,0,0,0,,
Polygalaceae,Polygala,sancti-georgii,1,En,1,4,,,1,,,,1,,,1,,1,1,Capsule,1,0,0,0,0,,
Polygalaceae,Polygala,galapageia,1,En,1,7,,1,1,,1,1,,,1,1,,1,1,Capsule,1,0,0,0,0,,
Polygonaceae,Polygonum,punctatum,1,Id,1,4,,,1,,,,,,1,1,,1,4,Achene,1,0,0,0,0,,
Polygonaceae,Polygonum,galapagense,,En,1,3,,,,,1,,,,1,1,,,4,Achene,1,0,0,0,0,,
Orchidaceae,Ponthieva,maculata,,Id,1,4,,,,,1,,1,,,1,,1,1,Capsule,0,0,0,0,1,,
,Portulaca,olearace,,,,,,,,,,,,,,,,,,,,,,,,,
Portulacaceae,Portulaca,howellii,1,En,1,12,1,1,1,1,1,1,1,1,1,1,1,1,3,Capsule,0.5,0,0,0.5,0,,
Potamogetonaceae,Potamogeton,pectinatus,,Id,1,2,,,,,1,,,,,1,,,1,Drupe-like,0,1,0,0,0,,
Orchidaceae,Prescottia,oligantha,,Id,1,5,,,,,1,,1,,1,1,,1,1,Capsule,0,0,0,0,1,,
Mimosaceae,Prosopis,juliflora,1,Id,1,9,1,,1,,1,,1,1,1,1,1,1,1,Pod ,0,0,0,1,0,,
Myrtaceae,Psidium,galapageium,1,En,1,6,,1,,,1,,1,,1,1,,1,1,Berry,0,1,0,0,0,,
Rubiaceae,Psychotria,angustata,1,En,1,2,,,1,,,,,,1,,,,1,Berry-like,0,1,0,0,0,,
Rubiaceae,Psychotria,rufipes,1,En,1,7,,1,1,,1,,1,,1,1,,1,1,Berry-like,0,1,0,0,0,,
Cyperaceae,Pycreus,polystachyos,,Id,1,3,,,,,1,,,,,1,,1,,,1,0,0,0,0,,presence
Cyperaceae,Pycreus,bipartitus,,Id,1,4,,,,,1,,,,1,1,,1,,,1,0,0,0,0,,
Ranunculaceae,Ranunculus,flagelliformis,,Id,1,1,,,,,,,,,,1,,,1,Achene,1,0,0,0,0,,
Rhizophoraceae,Rhizophora,mangle,1,Id,1,10,1,1,1,1,1,1,,1,1,1,,1,1,Berry,0,0,0,1,0,,exclusive
Fabaceae,Rhynchosia,minima,1,Id,1,12,1,1,1,1,1,1,1,1,1,1,1,1,1,Pod,1,0,0,0,0,,
Cyperaceae,Rhynchospora,rugosa,1,Id,1,3,,,,,1,,,,,1,,1,5,Achene,1,0,0,0,0,,
Cyperaceae,Rhynchospora,nervosa,1,Id,1,5,,,1,,1,,,,1,1,,1,5,Achene,1,0,0,0,0,,
Cyperaceae,Rhynchospora,tenuis,,Id,1,2,,,,,1,,,,,1,,,5,Achene,1,0,0,0,0,,
Cyperaceae,Rhynchospora,contracta,,Id,1,3,,,,,1,,,,1,,,1,5,Achene,1,0,0,0,0,,
Cyperaceae,Rhynchospora,corymbosa,,Id,1,3,,,,,1,,,,1,1,,,5,Achene,1,0,0,0,0,,
Cyperaceae,Rhynchospora,rariflora,,NoData,1,1,,,,,,,,,,1,,,5,Achene,1,0,0,0,0,,
Phytolaccaceae,Rivinia,,,,,,,,,,,,,,,,,,,,,1,,,,,
Brassicaceae,Rorippa,nana,,Id,1,1,,,,,,,,,,,,1,1,Capsule,1,0,0,0,0,,
Acanthaceae,Ruellia,floribunda,1,Id,1,2,,,,,,,,,1,1,,,1,Capsule,1,0,0,0,0,,
Potamogetonaceae,Ruppia,maritima,1,Id,1,4,,,,1,1,,,,1,,,1,1,Nutlet,1,0,0,0,0,,
Cucurbitaceae,Rytidostylis,carthaginensis,,Id,1,5,,,,,1,,1,,1,1,,1,,,0,0,1,0,0,,
Chenopodiaceae,Salicornia,fruticosa,1,Id,1,2,,,,,,,,,1,,,1,1,Utricle,0,0,0,1,0,,exclusive
Lamiaceae,Salvia,occidentalis,1,Id,1,7,,1,1,,1,,1,,1,1,,1,2,Nucule,1,0,0,0,0,,
Lamiaceae,Salvia,prostrata,,En,1,3,,,1,,,,,,1,,,1,2,Nucule,1,0,0,0,0,,
Lamiaceae,Salvia,pseudoserotina,,En,1,3,,,1,,1,,,,,1,,,2,Nucule,1,0,0,0,0,,
,Sapindus,,,,,,,,,,,,,,,,,,,,,0.5,,0.5,,,
Asclepiadaceae,Sarcostemma,angustissimum,1,En,1,9,1,1,1,,1,,1,1,1,1,,1,1,Follicle,0,0,0,0,1,,
Goodeniaceae,Scaevola,plumieri,1,Id,1,4,,,1,,1,,,,1,1,,,1,Drupe,0,0.5,0,0.5,0,Two syndromes,
Asteraceae,Scalesia,aspera,1,En,1,1,,,,,,,,,,1,,,1,Achene,1,0,0,0,0,,
Asteraceae,Scalesia,atractyloides,1,En,1,1,,,,,,,,,,,,1,1,Achene,1,0,0,0,0,,
Asteraceae,Scalesia,cordata,1,En,1,1,,,,,1,,,,,,,,1,Achene,0,0,1,0,0,,
Asteraceae,Scalesia,divisa,1,En,1,1,,,,,,,,,1,,,,1,Achene,1,0,0,0,0,,
Asteraceae,Scalesia,gordilloi,1,En,1,1,,,,,,,,,1,,,,1,Achene,1,0,0,0,0,,
Asteraceae,Scalesia,retroflexa,1,En,1,1,,,,,,,,,,1,,,1,Achene,1,0,0,0,0,,
Asteraceae,Scalesia,crockeri,1,En,1,1,,,,,,,,,,1,,,1,Achene,1,0,0,0,0,,
Asteraceae,Scalesia,baurii,1,En,1,2,,,,,,,1,1,,,,,1,Achene,1,0,0,0,0,,
Asteraceae,Scalesia,helleri,1,En,1,2,,,,,,,,,,1,1,,1,Achene,1,0,0,0,0,,
Asteraceae,Scalesia,microcephala,1,En,1,2,,1,,,1,,,,,,,,1,Achene,1,0,0,0,0,,
Asteraceae,Scalesia,stewartii,1,En,1,2,,,,,,,,,,1,,1,1,Achene,1,0,0,0,0,,
Asteraceae,Scalesia,villosa,1,En,1,2,,,1,,,,,,,1,,,1,Achene,1,0,0,0,0,,
Asteraceae,Scalesia,incisa,1,En,1,3,,,,,,,1,1,1,,,,1,Achene,1,0,0,0,0,,
Asteraceae,Scalesia,affinis,1,En,1,4,,1,1,,1,,,,,1,,,1,Achene,1,0,0,0,0,,
Asteraceae,Scalesia,pedunculata,1,En,1,5,,,1,,1,,,,1,1,,1,1,Achene,1,0,0,0,0,,
Cyperaceae,Scleria,melaleuca,1,Id,1,4,,,,,1,,,,1,1,,1,2,Achene,1,0,0,0,0,,
Cyperaceae,Scleria,distans,,Id,1,1,,,,,,,,,,1,,,2,Achene,0,0,1,0,0,,
Loasaceae,Sclerothrix,,,,,,,,,,,,,,,,,,,,1,,,,,,
Scrophulariaceae,Scoparia,dulcis,1,Id,1,6,,1,1,,1,,,,1,1,,1,1,Capsule,1,0,0,0,0,,
Rhamnaceae,Scutia,spicata,1,EnQ,1,8,1,,1,,1,,,1,1,1,1,1,1,Nutlet,0,1,0,0,0,,
Caesalpinaceae,Senna,uniflora,1,Id,1,2,,,,,,,,,1,1,,,3,Pod,1,0,0,0,0,,
Caesalpinaceae,Senna,occidentalis,1,Id,1,5,,,1,,1,,,,1,1,,1,3,Pod,1,0,0,0,0,,
Caesalpinaceae,Senna,pistaciifolia,1,Id,1,6,,1,1,,1,,,,1,1,,1,3,Pod,1,0,0,0,0,,
Aizoaceae,Sesuvium,edmondstonei,1,EnQ,1,10,1,1,1,1,1,,1,1,1,1,,1,2,Capsule,0,0,0,1,0,,exclusive
Aizoaceae,Sesuvium,portulacastrum,1,Id,1,10,,1,1,1,1,1,1,,1,1,1,1,2,Capsule,0,0,0,1,0,,presence
Poaceae,Setaria,parviflora,1,Id,1,5,,,1,,1,,,,1,1,,1,2,Caryopside,1,0,0,0,0,,
Poaceae,Setaria,setosa,1,Id,1,11,1,1,1,,1,1,1,1,1,1,1,1,2,Caryopside,1,0,0,0,0,,
Cucurbitaceae,Sicyocaulis,pentagonus,,En,1,2,,,,,1,,,,,1,,,1,Capsule,1,0,0,0,0,,
Cucurbitaceae,Sicyos,villosus,,En,1,1,,,1,,,,,,,,,,1,Capsule,0,0,1,0,0,,
Malvaceae,Sida,cordata,1,Id,1,2,,,1,,,,1,,,,,,5,Schizocarp,1,0,0,0,0,,
Malvaceae,Sida,hederifolia,1,Id,1,7,,,1,,1,,1,1,1,1,,1,5,Schizocarp,1,0,0,0,0,,
Malvaceae,Sida,spinosa,1,Id,1,9,1,,1,1,1,,1,1,1,1,,1,5,Schizocarp,0,0,1,0,0,,
Malvaceae,Sida,salviifolia,1,Id,1,11,1,1,1,1,1,,1,1,1,1,1,1,5,Schizocarp,1,0,0,0,0,,
Iridaceae,Sisyrinchium,galapagense,,En,1,4,,,1,,1,,,,1,1,,,1,Capsule,1,0,0,0,0,,
Solanaceae,Solanum,erianthum,1,Id,1,6,,1,1,,1,,1,,,1,,1,2,Berry,0,1,0,0,0,,
Solanaceae,Solanum,edmonstonei,,NoData,1,1,,,,,,,,,,1,,,2,Berry,0,1,0,0,0,,
Solanaceae,Solanum,cheesmaniae,1,En,1,8,1,1,1,,1,,,,1,1,1,1,2,Berry,0,1,0,0,0,,
Solanaceae,Solanum,galapagense,1,En,1,9,1,1,1,,1,,1,1,1,1,,1,2,Berry,0,1,0,0,0,,
Asteraceae,Soliva,anthemifolia,,Id,1,2,,,,,,,,,1,,,1,1,Achene,0,0,1,0,0,,
Rubiaceae,Spermacoce,remota,1,Id,1,6,,1,1,,1,,,,1,1,,1,1,Capsule,1,0,0,0,0,,
,Spilanthes,,,,,,,,,,,,,,,,,,,,,,1,,,,
Poaceae,Sporobolus,pyramidatus,1,Id,1,6,1,1,,,1,,,,1,1,,1,,,1,0,0,0,0,,
Poaceae,Sporobolus,indicus,1,Id,1,8,1,1,1,,1,,1,,1,1,,1,,,1,0,0.5,0,0,,
Poaceae,Sporobolus,virginicus,1,Id,1,8,1,1,1,1,1,,,,1,1,,1,,,1,0,0,0,0,,exclusive
Scrophulariaceae,Stemodia,,,,,,,,,,,,,,,,,,,,1,,,,,,
Poaceae,Stenotaphrum,secundatum,1,Id,1,4,,,1,,1,,,,1,1,,,1,Caryopside,0,0,0,1,0,,
Fabaceae,Stylosanthes,sympodiales,1,Id,1,10,,1,1,1,1,1,1,1,1,1,,1,1,Pod,0.5,0,0.5,0,0,,
,Talinum,,,,,,,,,,,,,,,,,,,,1,,,,,,
Fabaceae,Tephrosia,cinerea,1,Id,1,9,1,1,1,,1,,1,,1,1,1,1,1,Pod,1,0,0,0,0,,
Acanthaceae,Tetramerium,nervosum,1,Id,1,7,,1,1,,1,,1,,1,1,,1,1,Capsule,1,0,0,0,0,,
Lamiaceae,Teucrium,vesicarium,1,Id,1,4,,,1,,1,,,,1,1,,,1,Nutlet,0,0,1,0,0,,
Bromeliaceae,Tillandsia,insularis,1,En,1,7,,1,1,,1,,,1,1,1,,1,1,Capsule,0,0,0,0,1,,
Boraginaceae,Tiquilia,nesiotica,1,En,1,2,,,,,,,,,,1,,1,,,0,0,1,0,0,,
Boraginaceae,Tiquilia,darwinii,1,En,8,10,1,,1,1,1,1,1,,1,1,1,1,,,0,0,1,0,0,,
Boraginaceae,Tiquilia,galapagoa,1,En,1,10,,1,1,1,1,1,1,,1,1,1,1,,,0,0,1,0,0,,
Boraginaceae,Tiquilia,fusca,1,En,8,11,1,1,1,1,1,1,1,,1,1,1,1,,,0,0,1,0,0,,
Boraginaceae,Tournefortia,psilostachya,1,Id,1,8,1,,1,,1,,1,1,1,1,,1,2,Drupe,0,1,0,0,0,,
Boraginaceae,Tournefortia,pubescens,1,En,1,7,,1,1,,1,,,1,1,1,,1,2,Drupe,0,1,0,0,0,,
Boraginaceae,Tournefortia,rufo-sericea,1,En,1,8,,1,1,,1,,1,1,1,1,,1,2,Drupe,0,1,0,0,0,,
Ulma,Trema,,,,,,,,,,,,,,,,,,,Drupe,,1,,,,,
Aizoaceae,Trianthema,portulacastrum,1,Id,1,10,1,,1,1,1,,1,1,1,1,1,1,1,Capsule,0,0,0,1,0,,presence
Zygophyllaceae,Tribulus,,,,,,,,,,,,,,,,,,,,,,1,,,,
Poaceae,Trichoneura,lindleyana,1,En,1,12,1,1,1,1,1,1,1,1,1,1,1,1,1,Caryopside,1,0,0,0,0,,
Poaceae,Trisetum,howellii,,En,1,5,,1,,,1,,,,1,1,1,,1,Caryopside,0,0,1,0,0,,
Tiliaceae,Triumfetta,,,,,,,,,,,,,,,,,,,,,,1,,,,
Orchidaceae,Tropidia,polystachya,,Id,1,3,,,,,1,,1,,,1,,,1,Capsule,0,0,0,0,1,,
Turneraceae,Turnera,,,,,,,,,,,,,,,,,,,,1,,,,,,
Poaceae,Uniola,pittieri,,Id,1,2,,,,,,,,,1,1,,,1,Panicle,0,0,0,1,0,,
Urticaceae,Urera,,,,,,,,,,,,,,,,,,,,1,1,,,,,
Lentibulariaceae,Utricularia,foliosa,,Id,1,1,,,,,,,,,1,,,,1,Capsule,1,0,0,0,0,,
Apocynaceae,Vallesia,glabra,1,En,8,7,1,,1,,1,,,1,1,1,,1,1,Drupe,0,1,0,0,0,,
linaceae,Verbena,grisea,,En,1,1,,,,,,,,1,,,,,2,Schizocarp,0,0,1,0,0,,
Verbenaceae,Verbena,galapagosensis,,En,1,1,,,,,,,,,,1,,,2,Schizocarp,0,0,1,0,0,,
Verbenaceae,Verbena,sedula,,En,1,3,,,,,,,,,1,1,,1,2,Schizocarp,0,0,1,0,0,,
Verbenaceae,Verbena,townsendii,,En,1,5,,1,,,1,,1,,1,1,,,2,Schizocarp,0,0,1,0,0,,
Verbenaceae,Verbena,glabrata,,NoData,1,1,,,,,1,,,,,,,,2,Schizocarp,0,0,1,0,0,,
Verbenaceae ,Verbena,stewartii,,NoData,1,2,,1,,,1,,,,,,,,2,Schizocarp,0,0,1,0,0,,
Fabaceae,Vigna,adenantha,1,Id,1,2,,,,,,,,,1,1,,,1,Pod,0.5,0,0,0.5,0,,
Fabaceae,Vigna,luteola,1,Id,1,6,,1,,,1,,1,,1,1,,1,1,Pod,0.5,0,0,0.5,0,,
Sterculiaceae,Waltheria,ovata,1,Id,1,11,1,1,1,1,1,1,1,,1,1,1,1,1,Capsule,1,0,0,0,0,,
Rutaceae,Zanthoxylum,fagara,1,Id,1,9,1,1,1,,1,,1,1,1,1,,1,1,follicle,0,1,0,0,0,,
Asteraceae,Zinnia,,,,,,,,,,,,,,,,,,,,,,1,,,,
Leguminosae,Zornia,,,,,,,,,,,,,,,,,,,,,,1,,, ,
,,,312,,,,,,,,,,,,,,,,,,226,61.5,53.5,49.5,43,Total = 308.5,
,,,,,,,,,,,,,,,,,,,,,,,,,,,
,,,,,,,,,,,,,,,,,,,,,,,,,,,
,,,,,,,,,,,,,,,,,,,,,,,,,,,
,,,,,,,,,,,,,,,,,,,,,,,,,,,
,,,,,,,,,,,,,,,,,,,,,,,,,,,
,,nombre,,,,,,,,,,,,,,,,,,,,,,,,,
,,,,,,,,,,,,,,,,,,,,,,,,,,,
,,,,,,,,,,,,,,,,,,,,,,,,,,,
,,,,,,,,,,,,,,,,,,,,,,,,,,,
,,,,,,,,,,,,,,,,,,,,,,,,,,,
,,,,,,,,,,,,,,,,,,,,,,,,,,,
,,,,,,,,,,,,,,,,,,,,,,,,,,,
