name_species,family,habitat<500m,status,littoral,El_Hierro,La_Palma,La_Gomera,Tenerife,Gran_Canaria,Fuerteventura,Lanzarote,#islands,sindrome,thalassochory
Allagopappus_canariensis,Asteraceae,1,End,,0,0,1,1,1,0,0,3,ANE,
Allagopappus_viscosissimus,Asteraceae,1,End,,0,0,0,0,1,0,0,1,ANE,
Andryala_pinnatifida,Asteraceae,1,End,,1,1,1,1,1,1,1,7,ANE,
Argyranthemum_broussonetii,Asteraceae,1,End,,0,0,1,1,0,0,0,2,ANE,
Argyranthemum_coronopifolium,Asteraceae,1,End,,0,1,0,1,0,0,0,2,ANE,
Argyranthemum_escarrei,Asteraceae,1,End,,0,0,0,0,1,0,0,1,ANE,
Argyranthemum_gracile,Asteraceae,1,End,,0,0,0,1,0,0,0,1,ANE,
Argyranthemum_hierrense,Asteraceae,1,End,,1,0,0,0,0,0,0,1,ANE,
Argyranthemum_lemsii,Asteraceae,1,End,,0,0,0,1,0,0,0,1,ANE,
Argyranthemum_lidii,Asteraceae,1,End,,0,0,0,0,1,0,0,1,ANE,
Argyranthemum_maderense,Asteraceae,1,End,,0,0,0,0,0,0,1,1,ANE,
Argyranthemum_sundingii,Asteraceae,1,End,,0,0,0,1,0,0,0,1,ANE,
Atalanthus_arboreus,Asteraceae,1,End,,0,1,0,1,0,0,0,2,ANE,
Atalanthus_canariensis,Asteraceae,1,End,,0,0,1,0,0,0,0,1,ANE,
Atalanthus_capillaris,Asteraceae,1,End,,0,0,1,1,1,0,0,3,ANE,
Atalanthus_microcarpus,Asteraceae,1,End,,0,0,0,1,0,0,0,1,ANE,
Atalanthus_pinnatus,Asteraceae,1,End,,0,0,1,1,1,1,1,5,ANE,
Atalanthus_regis-jubae,Asteraceae,1,End,,0,1,1,1,1,0,0,4,ANE,
Chamaesyce_peplis,Euphorbiaceae,1,NO,exclusive,0,1,0,1,1,1,1,5,,
Erodium_touchyanum,Geraniaceae,1,NO,exclusive,0,0,0,0,0,1,1,2,,
Briza_maxima,Poaceae,1,NO,,1,1,1,1,1,1,1,7,ANE,
Bystropogon_canariensis,Lamiaceae,1,End,,1,1,1,1,1,0,0,5,ANE,
Bystropogon_odoratissimus,Lamiaceae,1,End,,0,0,0,1,0,0,0,1,ANE,
Bystropogon_origanifolius,Lamiaceae,1,End,,1,1,1,1,1,0,0,5,ANE,
Campylanthus_salsoloides,Scrophulariaceae,1,End,,0,1,1,1,1,1,1,6,ANE,
Malcolmia_maritima,Brassicaceae,1,NO,exclusive,0,0,0,1,1,1,1,4,,
Carduus_baeocephalus,Asteraceae,1,End,,1,0,0,0,1,0,0,2,ANE,
Carduus_bourgeaui,Asteraceae,1,End,,0,0,0,0,0,1,0,1,ANE,
Carduus_clavulatus,Asteraceae,1,End,,1,1,1,1,1,1,1,7,ANE,
Carlina_falcata,Asteraceae,1,End,,0,1,0,1,0,0,0,2,ANE,
Carlina_salicifolia,Asteraceae,1,NS,,1,0,1,1,1,1,1,6,ANE,
Centaurea_melitensis,Asteraceae,1,NO,,1,1,1,1,1,1,1,7,ANE,
Ceropegia_dichotoma,Asclepiadaceae,1,End,,1,1,1,1,1,0,0,5,ANE,
Ceropegia_fusca,Asclepiadaceae,1,End,,0,1,0,1,1,0,0,3,ANE,
Chrysoprenanthes_pendula,Asteraceae,1,End,,0,0,0,0,1,0,0,1,ANE,
Crambe_sventenii,Brassicaceae,1,End,,0,0,0,0,0,1,0,1,ANE,
Crepis_canariensis,Asteraceae,1,End,,0,0,0,0,0,1,1,2,ANE,
Polycarpon_alsinifolium,Caryophyllaceae,1,NO,exclusive,0,0,0,0,0,0,1,1,,
Cynara_cardunculus,Asteraceae,1,NS,,1,1,1,1,1,1,1,7,ANE,
Dichanthium_foveolatum,Poaceae,1,NP,,1,1,1,1,1,1,0,6,ANE,
Dittrichia_viscosa,Asteraceae,1,NO,,1,1,1,1,1,1,1,7,ANE,
Drimia_maritima,Hyacinthaceae,1,NS,,0,0,0,1,0,0,1,2,ANE,
Erysimum_bicolor,Brassicaceae,1,NS,,1,1,1,1,1,1,0,6,ANE,
Ferula_lancerottensis,Apiaceae,1,End,,0,0,0,0,0,1,1,2,ANE,
Ferula_linkii,Apiaceae,1,End,,1,1,1,1,1,1,0,6,ANE,
Filago_desertorum,Asteraceae,1,NP,,0,0,0,1,1,1,1,4,ANE,
Filago_lutescens,Asteraceae,1,NP,,1,0,0,1,1,0,1,4,ANE,
Filago_pyramidata,Asteraceae,1,NP,,1,1,1,1,1,1,1,7,ANE,
Galactites_tomentosus,Asteraceae,1,NO,,1,1,1,1,1,0,0,5,ANE,
Gennaria_diphylla,Orchidaceae,1,NP,,1,1,1,1,1,0,1,6,ANE,
Globularia_salicina,Globulariaceae,1,NS,,1,1,1,1,1,0,0,5,ANE,
Helichrysum_alucense,Asteraceae,1,End,,0,0,1,0,0,0,0,1,ANE,
Helichrysum_gossypinum,Asteraceae,1,End,,0,0,0,0,0,0,1,1,ANE,
Helichrysum_monogynum,Asteraceae,1,End,,0,0,0,0,0,0,1,1,ANE,
Helminthotheca_echioides,Asteraceae,1,NO,,1,1,1,1,1,1,1,7,ANE,
Hyparrhenia_hirta,Poaceae,1,NS,,1,1,1,1,1,1,1,7,ANE,
Hyparrhenia_sinaica,Poaceae,1,NS,,0,0,1,0,1,0,1,3,ANE,
Hypochaeris_oligocephala,Asteraceae,1,End,,0,0,0,1,0,0,0,1,ANE,
Kleinia_neriifolia,Asteraceae,1,End,,1,1,1,1,1,1,1,7,ANE,
Lactuca_serriola,Asteraceae,1,NO,,1,1,1,1,1,1,1,7,ANE,
Laphangium_luteoalbum,Asteraceae,1,NO,,1,1,1,1,1,1,1,7,ANE,
Lasiopogon_muscoides,Asteraceae,1,NS,,0,0,0,0,0,1,1,2,ANE,
Launaea_arborescens,Asteraceae,1,NS,,1,1,1,1,1,1,1,7,ANE,
Launaea_capitata,Asteraceae,1,NP,,0,0,0,0,0,1,1,2,ANE,
Salsola_kali,Chenopodiaceae,1,NO,exclusive,0,0,0,1,1,1,0,3,,
Launaea_nudicaulis,Asteraceae,1,NP,,1,1,1,1,1,1,1,7,ANE,
Limonium_arborescens,Plumbaginaceae,1,End,,0,1,0,1,0,0,0,2,ANE,
Limonium_fruticans,Plumbaginaceae,1,End,,0,0,0,1,0,0,0,1,ANE,
Limonium_perezii,Plumbaginaceae,1,End,,0,0,0,1,0,0,0,1,ANE,
Limonium_preauxii,Plumbaginaceae,1,End,,0,0,0,0,1,0,0,1,ANE,
Limonium_spectabile,Plumbaginaceae,1,End,,0,0,0,1,0,0,0,1,ANE,
Limonium_sventenii,Plumbaginaceae,1,End,,0,0,0,0,1,0,0,1,ANE,
Lobularia_canariensis,Brassicaceae,1,NS,,1,1,1,1,1,1,1,7,ANE,
Lobularia_libyca,Brassicaceae,1,NP,,1,1,1,1,1,1,1,7,ANE,
Logfia_clementei,Asteraceae,1,NP,,0,0,0,0,0,0,1,1,ANE,
Logfia_gallica,Asteraceae,1,NO,,1,1,1,1,1,1,1,7,ANE,
Salsola_vermiculata,Chenopodiaceae,1,NS,exclusive,0,0,0,1,1,1,1,4,ANE,
Melica_ciliata,Poaceae,1,NS,,0,0,1,1,1,1,1,5,ANE,
Onopordon_nogalesii,Asteraceae,1,End,,0,0,0,0,0,1,0,1,ANE,
Pericallis_echinata,Asteraceae,1,End,,0,0,0,1,0,0,0,1,ANE,
Pericallis_lanata,Asteraceae,1,End,,0,0,0,1,0,0,0,1,ANE,
Pericallis_papyracea,Asteraceae,1,End,,0,1,0,0,0,0,0,1,ANE,
Pericallis_steetzii,Asteraceae,1,End,,0,0,1,0,0,0,0,1,ANE,
Periploca_laevigata,Asclepiadaceae,1,NS,,1,1,1,1,1,1,1,7,ANE,
Phagnalon_purpurascens,Asteraceae,1,NP,,1,1,1,1,1,1,1,7,ANE,
Phagnalon_rupestre,Asteraceae,1,NP,,1,1,1,1,1,1,1,7,ANE,
Phagnalon_saxatile,Asteraceae,1,NP,,1,1,1,1,1,1,1,7,ANE,
Phagnalon_umbelliforme,Asteraceae,1,End,,1,1,1,1,1,0,0,5,ANE,
Phyllis_nobla,Rubiaceae,1,NS,,1,1,1,1,1,0,0,5,ANE,
Phyllis_viscosa,Rubiaceae,1,End,,1,0,1,1,0,0,0,3,ANE,
Suaeda_ifniensis,Chenopodiaceae,1,NP,exclusive,0,0,0,1,0,1,1,3,THA,1
Cyperus_capitatus,Cyperaceae,1,NS,exclusive,0,1,0,1,1,1,1,5,UNS,
Ranunculus_cortusifolius,Ranunculaceae,1,NS,,1,1,1,1,1,1,1,7,ANE,
Lotus_lancerottensis,Fabaceae,1,NS,exclusive,0,0,0,0,0,1,1,2,UNS,
Rumex_lunaria,Polygonaceae,1,End,,1,1,1,1,1,1,1,7,ANE,
Rumex_vesicarius,Polygonaceae,1,NP,,1,1,1,1,1,1,1,7,ANE,
Polycarpaea_nivea,Caryophyllaceae,1,NS,exclusive,1,1,0,1,1,1,1,6,UNS,
Salsola_frankenioides,Chenopodiaceae,1,NS,,0,0,0,0,0,1,1,2,ANE,
Sagina_maritima,Caryophyllaceae,1,NP,exclusive,0,0,0,1,0,0,0,1,UNS,
Atractylis_arbuscula,Asteraceae,1,End,presence,0,0,0,0,1,0,1,2,ANE,
Schizogyne_glaberrima,Asteraceae,1,End,,0,0,0,1,1,0,0,2,ANE,
Atractylis_preauxiana,Asteraceae,1,End,presence,0,0,0,1,1,0,0,2,ANE,
Caralluma_burchardii,Asclepiadaceae,1,NS,presence,0,0,0,0,1,1,1,3,ANE,
Senecio_glaucus,Asteraceae,1,NP,,1,0,1,1,1,1,1,6,ANE,
Senecio_ilsae,Asteraceae,1,End,,0,0,1,0,0,0,0,1,ANE,
Senecio_incrassatus,Asteraceae,1,NS,,1,1,0,0,0,0,0,2,ANE,
Senecio_leucanthemifolius,Asteraceae,1,NP,,0,0,1,1,1,1,1,5,ANE,
Senecio_massaicus,Asteraceae,1,NP,,0,0,0,1,1,1,1,4,ANE,
Sonchus_acaulis,Asteraceae,1,End,,0,0,0,1,1,0,0,2,ANE,
Sonchus_asper,Asteraceae,1,NO,,1,1,1,1,1,1,1,7,ANE,
Cutandia_memphitica,Poaceae,1,NP,presence,0,0,0,1,1,1,1,4,ANE,
Sonchus_bourgeaui,Asteraceae,1,NS,,0,0,0,0,1,1,1,3,ANE,
Launaea_mucronata,Asteraceae,1,NP,presence,0,0,0,0,0,1,0,1,ANE,
Sonchus_canariensis,Asteraceae,1,End,,0,0,0,1,1,0,0,2,ANE,
Sonchus_congestus,Asteraceae,1,End,,0,0,0,1,1,0,0,2,ANE,
Sonchus_fauces-orci,Asteraceae,1,End,,0,0,0,1,0,0,0,1,ANE,
Sonchus_gomerensis,Asteraceae,1,End,,0,0,1,0,0,0,0,1,ANE,
Sonchus_hierrensis,Asteraceae,1,End,,1,1,1,0,0,0,0,3,ANE,
Sonchus_lidii,Asteraceae,1,End,,1,0,0,0,0,0,0,1,ANE,
Sonchus_pinnatifidus,Asteraceae,1,NS,,0,0,0,0,0,1,1,2,ANE,
Sonchus_pitardii,Asteraceae,1,End,,1,0,0,0,0,0,0,1,ANE,
Sonchus_radicatus,Asteraceae,1,End,,0,0,0,1,0,0,0,1,ANE,
Sonchus_tectifolius,Asteraceae,1,End,,0,0,0,1,0,0,0,1,ANE,
Sonchus_tenerrimus,Asteraceae,1,NO,,1,0,1,1,1,1,1,6,ANE,
Sonchus_tuberifer,Asteraceae,1,End,,0,0,0,1,0,0,0,1,ANE,
Spergula_fallax,Caryophyllaceae,1,NP,,1,0,1,1,1,1,1,6,ANE,
Spergularia_fimbriata,Caryophyllaceae,1,NP,,0,0,0,1,1,1,1,4,ANE,
Spergularia_media,Caryophyllaceae,1,NO,,0,0,1,1,1,1,1,5,ANE,
Tamarix_africana,Tamaricaceae,1,NS,,0,0,0,1,1,1,1,4,ANE,
Matthiola_bolleana,Brassicaceae,1,End,presence,0,0,0,0,0,1,1,2,ANE,
Tolpis_crassiuscula,Asteraceae,1,End,,0,0,0,1,0,0,0,1,ANE,
Tricholaena_teneriffae,Poaceae,1,NS,,1,1,1,1,1,1,1,7,ANE,
Trifolium_arvense,Fabaceae,1,NP,,1,1,1,1,1,1,1,7,ANE,
Trifolium_campestre,Fabaceae,1,NP,,1,1,1,1,1,1,1,7,ANE,
Pulicaria_burchardii,Asteraceae,1,NS,presence,0,0,0,0,0,1,0,1,ANE,
Pulicaria_canariensis,Asteraceae,1,End,presence,0,0,0,0,0,1,1,2,ANE,
Urospermum_picroides,Asteraceae,1,NO,,1,1,1,1,1,1,1,7,ANE,
Vieria_laevigata,Asteraceae,1,End,,0,0,0,1,0,0,0,1,ANE,
Volutaria_bollei,Asteraceae,1,End,,0,0,0,0,0,1,1,2,ANE,
Volutaria_canariensis,Asteraceae,1,End,,1,1,1,1,1,1,1,7,ANE,
Apollonias_barbujana,Lauraceae,1,NS,,1,1,1,1,1,1,0,6,END,
Arbutus_canariensis,Ericaceae,1,End,,1,1,1,1,1,0,0,5,END,
Asparagus_arborescens,Convallariaceae,1,End,,1,1,1,1,1,1,1,7,END,
Asparagus_horridus,Convallariaceae,1,NS,,0,0,0,0,0,1,1,2,END,
Asparagus_nesiotes,Convallariaceae,1,NS,,0,0,0,0,0,1,1,2,END,
Asparagus_pastorianus,Convallariaceae,1,NS,,0,0,1,1,1,1,1,5,END,
Asparagus_scoparius,Convallariaceae,1,NS,,1,1,1,1,1,1,0,6,END,
Asparagus_umbellatus,Convallariaceae,1,NS,,1,1,1,1,1,1,0,6,END,
Bencomia_caudata,Rosaceae,1,NS,,0,1,0,1,1,0,0,3,END,
Bosea_yervamora,Amaranthaceae,1,End,,1,1,1,1,1,1,0,6,END,
Bryonia_verrucosa,Cucurbitaceae,1,End,,1,1,1,1,1,0,1,6,END,
Rumex_bipinnatus,Polygonaceae,1,NP,presence,0,0,0,0,0,1,1,2,ANE,
Cytinus_hypocistis,Rafflesiaceae,1,NP,,1,1,1,1,1,0,0,5,END,
Daphne_gnidium,Thymelaeaceae,1,NS,,0,1,0,1,1,0,0,3,END,
Dracunculus_canariensis,Araceae,1,End,,1,1,1,1,1,1,0,6,END,
Ilex_canariensis,Aquifoliaceae,1,NS,,1,1,1,1,1,0,0,5,END,
Jasminum_odoratissimum,Oleaceae,1,NS,,1,1,1,1,1,1,0,6,END,
Kunkeliella_psilotoclada,Santalaceae,1,End,,0,0,0,1,0,0,0,1,END,
Salsola_divaricata,Chenopodiaceae,1,End,presence,0,1,1,1,1,1,1,6,ANE,
Lycium_intricatum,Solanaceae,1,NS,,0,1,1,1,1,1,1,6,END,
Morella_faya,Myricaceae,1,NS,,1,1,1,1,1,1,1,7,END,
Neochamaelea_pulverulenta,Cneoraceae,1,End,,1,0,1,1,1,0,0,4,END,
Osyris_lanceolata,Santalaceae,1,NS,,0,1,1,1,0,0,0,3,END,
Persea_indica,Lauraceae,1,NS,,1,1,1,1,1,0,0,5,END,
Phoenix_canariensis,Arecaceae,1,End,,1,1,1,1,1,1,1,7,END,
Pistacia_atlantica,Anacardiaceae,1,NS,,0,1,1,1,1,1,0,5,END,
Plocama_pendula,Rubiaceae,1,End,,1,1,1,1,1,1,0,6,END,
Rhamnus_crenulata,Rhamnaceae,1,End,,1,1,1,1,1,1,1,7,END,
Rhamnus_glandulosa,Rhamnaceae,1,NS,,0,1,1,1,1,0,0,4,END,
Rhus_coriaria,Anacardiaceae,1,NS,,1,1,1,1,1,0,0,5,END,
Rubia_fruticosa,Rubiaceae,1,NS,,1,1,1,1,1,1,1,7,END,
Rubia_peregrina,Rubiaceae,1,NS,,1,1,1,1,1,1,1,7,END,
Rubus_bollei,Rosaceae,1,NS,,1,1,1,1,1,1,0,6,END,
Rubus_ulmifolius,Rosaceae,1,NO,,1,1,1,1,1,1,0,6,END,
Sambucus_nigra,Sambucaceae,1,NS,,0,1,1,1,1,0,0,4,END,
Smilax_aspera,Smilacaceae,1,NS,,1,1,1,1,1,1,0,6,END,
Solanum_alatum,Solanaceae,1,NO,,1,0,0,1,1,0,1,4,END,
Solanum_lidii,Solanaceae,1,End,,0,0,0,0,1,0,0,1,END,
Viburnum_rigidum,Sambucaceae,1,End,,1,1,1,1,1,0,0,5,END,
Visnea_mocanera,Theaceae,1,NS,,1,1,1,1,1,1,0,6,END,
Withania_aristata,Solanaceae,1,NS,,1,1,1,1,1,0,0,5,END,
Agrimonia_eupatoria,Rosaceae,1,NO,,0,0,0,1,0,0,0,1,EPI,
Anthoxanthum_aristatum,Poaceae,1,NO,,1,1,1,1,1,1,1,7,EPI,
Aristida_adscensionis,Poaceae,1,NS,,1,1,1,1,1,1,1,7,EPI,
Salsola_tetrandra,Chenopodiaceae,1,NS,presence,0,0,0,0,0,1,1,2,ANE,
Avena_canariensis,Poaceae,1,End,,0,0,0,1,0,1,1,3,EPI,
Avena_fatua,Poaceae,1,NS,,1,1,1,1,1,1,1,7,EPI,
Bituminaria_bituminosa,Fabaceae,1,NP,,1,1,1,1,1,1,1,7,EPI,
Cynoglossum_creticum,Boraginaceae,1,NO,,0,1,1,1,1,0,0,4,EPI,
Cynosurus_echinatus,Poaceae,1,NO,,1,1,1,1,1,0,1,6,EPI,
Dactylis_smithii,Poaceae,1,NS,,1,1,1,1,1,1,1,7,EPI,
Erodium_chium,Geraniaceae,1,NO,,1,1,1,1,1,1,1,7,EPI,
Erodium_neuradifolium,Geraniaceae,1,NP,,0,0,0,1,1,1,1,4,EPI,
Galium_aparine,Rubiaceae,1,NO,,1,1,1,1,1,1,1,7,EPI,
Galium_murale,Rubiaceae,1,NP,,1,1,1,1,1,1,1,7,EPI,
Galium_scabrum,Rubiaceae,1,NO,,1,1,1,1,1,1,0,6,EPI,
Schizogyne_sericea,Asteraceae,1,NS,presence,1,1,1,1,1,1,1,7,ANE,
Hedypnois_rhagadioloides,Asteraceae,1,NO,,1,1,1,1,1,1,1,7,EPI,
Herniaria_cinerea,Caryophyllaceae,1,NP,,1,0,1,1,1,1,1,6,EPI,
Holcus_lanatus,Poaceae,1,NP,,0,1,1,1,1,0,0,4,EPI,
Hordeum_murinum,Poaceae,1,NO,,1,1,1,1,1,1,1,7,EPI,
Lolium_canariense,Poaceae,1,NS,,1,1,1,1,1,1,1,7,EPI,
Lolium_edwardii,Poaceae,1,End,,1,0,0,1,0,0,0,2,EPI,
Marrubium_vulgare,Lamiaceae,1,NO,,1,1,1,1,1,1,1,7,EPI,
Medicago_laciniata,Fabaceae,1,NS,,1,1,1,1,1,1,1,7,EPI,
Senecio_bollei,Asteraceae,1,End,presence,0,0,0,0,0,1,0,1,ANE,
Medicago_polymorpha,Fabaceae,1,NO,,1,1,1,1,1,1,1,7,EPI,
Setaria_adhaerens,Poaceae,1,NO,,1,1,1,1,1,1,1,7,EPI,
Spergularia_bocconei,Caryophyllaceae,1,NO,,1,1,1,1,1,1,1,7,EPI,
Torilis_arvensis,Apiaceae,1,NO,,1,1,1,1,1,1,1,7,EPI,
Tragus_racemosus,Poaceae,1,NP,,1,1,1,1,1,1,1,7,EPI,
Tribulus_terrestris,Zygophyllaceae,1,NP,,0,0,0,1,1,1,0,3,EPI,
Trifolium_tomentosum,Fabaceae,1,NP,,1,1,1,1,1,1,1,7,EPI,
Vulpia_muralis,Poaceae,1,NP,,1,1,1,0,1,1,0,5,EPI,
Ammodaucus_nanocarpus,Apiaceae,1,NS,,0,0,0,1,0,1,0,2,multic,
Calendula_aegyptiaca,Asteraceae,1,NP,,1,0,1,1,1,1,1,6,multic,
Calendula_tripterocarpa,Asteraceae,1,NP,,0,0,0,1,1,1,1,4,multic,
Cenchrus_ciliaris,Poaceae,1,NP,,1,1,1,1,1,1,1,7,multic,
Drusa_glandulosa,Apiaceae,1,NS,,1,1,1,1,1,1,1,7,multic,
Rostraria_pumila,Poaceae,1,NP,,1,1,0,1,1,1,1,6,multic,
Rumex_bucephalophorus,Polygonaceae,1,NS,,1,1,1,1,1,1,1,7,multic,
Senecio_flavus,Asteraceae,1,NP,,0,0,0,1,1,1,1,4,multic,
Stipa_capensis,Poaceae,1,NP,,1,1,1,1,1,1,1,7,multic,
Tetrapogon_villosus,Poaceae,1,NP,,0,0,1,1,1,1,1,5,multic,
Emex_spinosa,Polygonaceae,1,NP,,1,1,1,1,1,1,1,7,multic,
Sonchus_bornmuelleri,Asteraceae,1,End,presence,0,1,0,0,0,0,0,1,ANE,
Sonchus_brachylobus,Asteraceae,1,End,presence,0,0,0,0,1,0,0,1,ANE,
Ammi_majus,Apiaceae,1,NO,,1,1,1,1,1,1,0,6,multic,0.5
Tamarix_canariensis,Tamaricaceae,1,NS,presence,0,1,1,1,1,1,1,6,ANE,
Argyranthemum_tenerifae,Asteraceae,1,End,,0,0,0,1,0,0,0,1,multic,0.5
Triplachne_nitens,Poaceae,1,NS,presence,0,0,0,0,1,1,1,3,ANE,
Trisetaria_lapalmae,Poaceae,1,End,presence,1,1,0,1,0,1,1,5,ANE,
Citrullus_colocynthis,Cucurbitaceae,1,NP,presence,0,1,0,1,1,1,1,5,END,
Kunkeliella_subsucculenta,Santalaceae,1,End,presence,0,0,0,1,0,0,0,1,END,
Arnebia_decumbens,Boraginaceae,1,NP,presence,0,0,0,1,1,1,1,4,EPI,
Gymnocarpos_sclerocephalus,Caryophyllaceae,1,NP,presence,0,0,0,1,0,1,0,2,EPI,
Medicago_littoralis,Fabaceae,1,NS,presence,1,0,1,1,1,1,1,6,EPI,
Frankenia_pulverulenta,Frankeniaceae,1,NP,presence,1,0,0,1,1,1,1,5,multic,
Sarcocornia_perennis,Chenopodiaceae,1,NS,presence,0,0,0,0,0,1,1,2,multic,
Argyranthemum_frutescens,Asteraceae,1,End,presence,1,1,1,1,1,0,1,6,multic,0.5
Reichardia_famarae,Asteraceae,1,End,,0,0,0,0,0,1,1,2,multic,0.5
Astydamia_latifolia,Apiaceae,1,NS,presence,1,1,1,1,1,1,1,7,multic,0.5
Limonium_benmageci,Plumbaginaceae,1,End,presence,0,0,0,0,1,0,0,1,multic,0.5
Pallenis_hierochuntica,Asteraceae,1,NS,,0,0,0,0,0,1,0,1,multic,
Pallenis_spinosa,Asteraceae,1,NO,,0,1,1,1,1,1,1,6,multic,
Tolpis_barbata,Asteraceae,1,NO,,1,1,1,1,1,1,1,7,multic,
Calendula_arvensis,Asteraceae,1,NO,,1,1,1,1,1,1,1,7,multic,
Ceratocapnos_heterocarpa,Fumariaceae,1,NP,,0,0,0,0,0,1,0,1,multic,
Plantago_webbii,Plantaginaceae,1,End,,0,1,0,1,1,0,0,3,multic,
Hirschfeldia_incana,Brassicaceae,1,NO,,1,1,1,1,1,1,1,7,multic,0.5
Limonium_imbricatum,Plumbaginaceae,1,End,presence,0,1,0,1,0,0,0,2,multic,0.5
Limonium_ovalifolium,Plumbaginaceae,1,NS,presence,0,0,0,0,0,1,1,2,multic,0.5
Limonium_papillatum,Plumbaginaceae,1,NS,presence,0,0,0,0,0,1,1,2,multic,0.5
Beta_macrocarpa,Chenopodiaceae,1,NP,,0,1,0,1,1,1,1,5,THA,1
Beta_maritima,Chenopodiaceae,1,NP,,1,1,1,1,1,1,1,7,THA,1
Limonium_pectinatum,Plumbaginaceae,1,NS,presence,1,1,1,1,1,0,0,5,multic,0.5
Calystegia_soldanella,Convolvulaceae,1,NP,,0,0,0,0,0,0,1,1,THA,1
Limonium_puberulum,Plumbaginaceae,1,End,presence,0,0,0,0,0,1,1,2,multic,0.5
Limonium_relicticum,Plumbaginaceae,1,End,presence,0,0,1,0,0,0,0,1,multic,0.5
Limonium_tuberculatum,Plumbaginaceae,1,NS,presence,0,0,0,0,1,1,0,2,multic,0.5
Reichardia_crystallina,Asteraceae,1,End,presence,0,0,0,1,1,0,0,2,multic,0.5
Reichardia_ligulata,Asteraceae,1,End,presence,1,1,1,1,1,1,0,6,multic,0.5
Gymnocarpos_decandrus,Caryophyllaceae,1,NS,,0,0,1,1,1,1,1,5,THA,1
Herniaria_canariensis,Caryophyllaceae,1,End,,0,0,0,1,0,0,0,1,THA,1
Reichardia_tingitana,Asteraceae,1,NP,presence,0,1,1,1,1,1,1,6,multic,0.5
Arthrocnemum_macrostachyum,Chenopodiaceae,1,NS,presence,0,0,0,1,1,1,1,4,THA,1
Juncus_acutus,Juncaceae,1,NP,,0,1,1,1,1,1,1,6,THA,1
Maytenus_canariensis,Celastraceae,1,End,,1,1,1,1,1,1,0,6,THA,1
Pancratium_canariense,Amaryllidaceae,1,End,,1,1,1,1,1,1,1,7,THA,1
Atriplex_glauca,Chenopodiaceae,1,NP,presence,1,0,1,1,1,1,1,6,THA,1
Patellifolia_patellaris,Chenopodiaceae,1,NS,,1,1,1,1,1,1,1,7,THA,1
Atriplex_halimus,Chenopodiaceae,1,NP,presence,0,0,0,1,1,1,1,4,THA,1
Cakile_maritima,Brassicaceae,1,NP,presence,0,0,0,1,1,1,1,4,THA,1
Chenoleoides_tomentosa,Chenopodiaceae,1,NS,presence,1,1,0,1,1,1,1,6,THA,1
Crithmum_maritimum,Apiaceae,1,NS,presence,1,1,1,1,1,1,0,6,THA,1
Frankenia_boissieri,Frankeniaceae,1,NS,presence,0,0,0,0,1,1,1,3,THA,1
Frankenia_capitata,Frankeniaceae,1,NS,presence,1,1,1,1,1,1,1,7,THA,1
Frankenia_ericifolia,Frankeniaceae,1,NS,presence,1,1,1,1,1,1,1,7,THA,1
Herniaria_fontanesii,Caryophyllaceae,1,NP,presence,0,0,0,1,1,1,0,3,THA,1
Herniaria_hartungii,Caryophyllaceae,1,End,presence,0,0,0,0,0,1,0,1,THA,1
Pancratium_maritimum,Amaryllidaceae,1,NP,presence,0,0,0,0,0,1,1,2,THA,1
Patellifolia_procumbens,Chenopodiaceae,1,NS,presence,1,1,1,1,1,1,1,7,THA,1
Patellifolia_webbiana,Chenopodiaceae,1,End,presence,1,0,1,1,1,1,1,6,THA,1
Aaronsohnia_pubescens,Asteraceae,1,NP,,0,0,0,0,0,1,1,2,UNS,
Adenocarpus_foliolosus,Fabaceae,1,End,,1,1,1,1,1,0,0,5,UNS,
Aeonium_appendiculatum,Crassulaceae,1,End,,0,0,1,0,0,0,0,1,UNS,
Aeonium_arboreum,Crassulaceae,1,End,,1,1,1,1,1,0,0,5,UNS,
Aeonium_balsamiferum,Crassulaceae,1,End,,0,0,0,0,0,1,1,2,UNS,
Aeonium_canariense,Crassulaceae,1,End,,1,1,1,1,1,0,0,5,UNS,
Aeonium_castello-paivae,Crassulaceae,1,End,,0,0,1,0,0,0,0,1,UNS,
Aeonium_ciliatum,Crassulaceae,1,End,,0,0,0,1,0,0,0,1,UNS,
Aeonium_davidbramwellii,Crassulaceae,1,End,,0,1,0,0,0,0,0,1,UNS,
Aeonium_decorum,Crassulaceae,1,End,,0,0,1,1,0,0,0,2,UNS,
Aeonium_goochiae,Crassulaceae,1,End,,0,1,0,0,0,0,0,1,UNS,
Aeonium_haworthii,Crassulaceae,1,End,,0,0,0,1,0,0,0,1,UNS,
Aeonium_hierrense,Crassulaceae,1,End,,1,1,0,0,0,0,0,2,UNS,
Aeonium_lancerottense,Crassulaceae,1,End,,0,0,0,0,0,0,1,1,UNS,
Aeonium_lindleyi,Crassulaceae,1,End,,0,0,1,1,0,0,0,2,UNS,
Aeonium_nobile,Crassulaceae,1,End,,0,1,0,0,0,0,0,1,UNS,
Aeonium_percarneum,Crassulaceae,1,End,,0,0,0,0,1,0,0,1,UNS,
Aeonium_pseudourbicum,Crassulaceae,1,End,,0,0,0,1,0,0,0,1,UNS,
Aeonium_saundersii,Crassulaceae,1,End,,0,0,1,0,0,0,0,1,UNS,
Aeonium_sedifolium,Crassulaceae,1,End,,0,1,1,1,0,0,0,3,UNS,
Aeonium_smithii,Crassulaceae,1,End,,0,0,0,1,0,0,0,1,UNS,
Aeonium_tabulaeforme,Crassulaceae,1,End,,0,0,0,1,0,0,0,1,UNS,
Aeonium_undulatum,Crassulaceae,1,End,,0,0,0,0,1,0,0,1,UNS,
Aeonium_urbicum,Crassulaceae,1,End,,0,0,0,1,0,0,0,1,UNS,
Aeonium_valverdense,Crassulaceae,1,End,,1,0,0,0,0,0,0,1,UNS,
Polygonum_balansae,Polygonaceae,1,NS,presence,0,0,0,1,1,0,0,2,THA,1
Aichryson_laxum,Crassulaceae,1,End,,1,1,1,1,1,1,0,6,UNS,
Aichryson_tortuosum,Crassulaceae,1,End,,0,0,0,0,0,1,1,2,UNS,
Aizoon_canariense,Aizoaceae,1,NS,,1,1,1,1,1,1,1,7,UNS,
Aizoon_hispanicum,Aizoaceae,1,NP,,0,0,1,0,0,1,0,2,UNS,
Ajuga_iva,Lamiaceae,1,NP,,1,1,1,1,1,1,1,7,UNS,
Alisma_lanceolatum,Alismataceae,1,NO,,0,0,0,0,1,0,0,1,UNS,
Allium_sphaerocephalum,Alliaceae,1,NO,,0,0,0,1,0,0,0,1,UNS,
Allium_subhirsutum,Alliaceae,1,NP,,1,1,1,1,1,1,1,7,UNS,
Allium_subvillosum,Alliaceae,1,NP,,1,1,1,1,1,1,1,7,UNS,
Allium_vineale,Alliaceae,1,NO,,0,1,0,1,1,1,1,5,UNS,
Anagallis_arvensis,Primulaceae,1,NO,,1,1,1,1,1,1,1,7,UNS,
Anagyris_latifolia,Fabaceae,1,End,,0,1,1,1,1,0,0,4,UNS,
Androcymbium_hierrense,Liliaceae,1,End,,1,1,1,0,0,0,0,3,UNS,
Polygonum_maritimum,Polygonaceae,1,NS,presence,0,1,0,1,1,1,1,5,THA,1
Argyranthemum_filifolium,Asteraceae,1,End,,0,0,0,0,1,0,0,1,UNS,
Argyrolobium_armindae,Fabaceae,1,End,,0,0,0,0,1,0,0,1,UNS,
Arisarum_simorrhinum,Araceae,1,NS,,0,0,0,1,1,1,1,4,UNS,
Artemisia_ramosa,Asteraceae,1,End,,0,0,0,1,1,0,0,2,UNS,
Artemisia_reptans,Asteraceae,1,NS,,0,0,0,1,1,1,0,3,UNS,
Artemisia_thuscula,Asteraceae,1,End,,1,1,1,1,1,0,0,5,UNS,
Asphodelus_fistulosus,Asphodelaceae,1,NP,,1,1,1,1,1,1,1,7,UNS,
Asphodelus_ramosus,Asphodelaceae,1,NP,,1,1,1,1,1,1,1,7,UNS,
Asphodelus_tenuifolius,Asphodelaceae,1,NP,,1,1,1,1,1,1,1,7,UNS,
Asteriscus_graveolens,Asteraceae,1,NS,,0,0,0,0,1,0,0,1,UNS,
Asteriscus_intermedius,Asteraceae,1,End,,0,0,0,0,0,1,1,2,UNS,
Suaeda_maritima,Chenopodiaceae,1,NS,presence,0,0,0,1,1,1,1,4,THA,1
Asteriscus_sericeus,Asteraceae,1,End,,0,0,0,0,0,1,0,1,UNS,
Astragalus_edulis,Fabaceae,1,NP,,0,0,0,0,0,1,1,2,UNS,
Astragalus_mareoticus,Fabaceae,1,NS,,0,0,0,0,0,1,1,2,UNS,
Astragalus_pelecinus,Fabaceae,1,NP,,1,1,1,1,1,1,1,7,UNS,
Astragalus_stella,Fabaceae,1,NP,,0,0,0,0,0,1,1,2,UNS,
Brachypodium_arbuscula,Poaceae,1,End,,1,0,1,1,0,0,0,3,UNS,
Brachypodium_sylvaticum,Poaceae,1,NP,,1,1,1,1,1,0,0,5,UNS,
Brassica_bourgeaui,Brassicaceae,1,End,,1,1,1,1,0,0,0,4,UNS,
Bufonia_paniculata,Caryophyllaceae,1,NS,,0,1,1,1,1,0,0,4,UNS,
Buglossoides_arvensis,Boraginaceae,1,NP,,0,0,0,1,1,1,1,4,UNS,
Suaeda_mollis,Chenopodiaceae,1,NS,presence,0,0,0,1,1,1,1,4,THA,1
Calamintha_sylvatica,Lamiaceae,1,NP,,1,1,1,1,1,0,0,5,UNS,
Campanula_dichotoma,Campanulaceae,1,NS,,0,0,1,1,0,1,1,4,UNS,
Camptoloma_canariense,Scrophulariaceae,1,End,,0,0,0,0,1,0,0,1,UNS,
Carex_canariensis,Cyperaceae,1,End,,1,1,1,1,1,0,0,5,UNS,
Carex_divisa,Cyperaceae,1,NP,,1,0,0,0,0,0,0,1,UNS,
Carex_divulsa,Cyperaceae,1,NP,,1,1,1,1,1,1,1,7,UNS,
Carrichtera_annua,Brassicaceae,1,NP,,1,0,1,1,1,1,1,6,UNS,
Catapodium_hemipoa,Poaceae,1,NP,,0,0,0,0,0,1,1,2,UNS,
Ceballosia_fruticosa,Boraginaceae,1,End,,1,1,1,1,1,1,1,7,UNS,
Cedronella_canariensis,Lamiaceae,1,NS,,1,1,1,1,1,0,0,5,UNS,
Chamaecytisus_proliferus,Fabaceae,1,End,,1,1,1,1,1,0,0,5,UNS,
Cheirolophus_burchardii,Asteraceae,1,End,,0,0,0,1,0,0,0,1,UNS,
Cheirolophus_canariensis,Asteraceae,1,End,,0,0,0,1,0,0,0,1,UNS,
Cheirolophus_dariasi,Asteraceae,1,End,,0,0,1,0,0,0,0,1,UNS,
Cheirolophus_ghomerytus,Asteraceae,1,End,,0,0,1,0,0,0,0,1,UNS,
Cheirolophus_junonianus,Asteraceae,1,End,,0,1,0,0,0,0,0,1,UNS,
Cheirolophus_webbianus,Asteraceae,1,End,,0,0,0,1,0,0,0,1,UNS,
Chenopodium_coronopus,Chenopodiaceae,1,End,,1,1,0,1,1,0,0,4,UNS,
Cistanche_phelipaea,Orobanchaceae,1,NP,,0,0,0,0,0,1,1,2,UNS,
Cistus_grancanariae,Cistaceae,1,End,,0,0,0,0,1,0,0,1,UNS,
Cistus_horrens,Cistaceae,1,End,,0,0,0,0,1,0,0,1,UNS,
Cistus_monspeliensis,Cistaceae,1,NS,,1,1,1,1,1,0,0,5,UNS,
Cistus_symphytifolius,Cistaceae,1,End,,0,1,0,1,0,0,0,2,UNS,
Cladium_mariscus,Cyperaceae,1,NO,,0,0,0,0,1,0,0,1,UNS,
Suaeda_spicata,Chenopodiaceae,1,NP,presence,0,0,0,0,0,1,0,1,THA,1
Convolvulus_floridus,Convolvulaceae,1,End,,1,1,1,1,1,1,1,7,UNS,
Convolvulus_fruticulosus,Convolvulaceae,1,End,,1,1,0,1,0,0,0,3,UNS,
Convolvulus_scoparius,Convolvulaceae,1,End,,1,1,1,1,1,0,0,5,UNS,
Convolvulus_subauriculatus,Convolvulaceae,1,End,,0,0,1,0,0,0,0,1,UNS,
Coronilla_viminalis,Fabaceae,1,NP,,0,0,0,0,1,1,1,3,UNS,
Crambe_scaberrima,Brassicaceae,1,End,,0,0,0,1,0,0,0,1,UNS,
Crambe_scoparia,Brassicaceae,1,End,,0,0,0,0,1,0,0,1,UNS,
Crambe_strigosa,Brassicaceae,1,End,,0,1,1,1,0,0,0,3,UNS,
Crambe_tamadabensis,Brassicaceae,1,End,,0,0,0,0,1,0,0,1,UNS,
Cryptotaenia_elegans,Apiaceae,1,End,,0,1,1,1,0,0,0,3,UNS,
Cuscuta_approximata,Cuscutaceae,1,NP,,0,0,0,1,1,1,1,4,UNS,
Cuscuta_planiflora,Cuscutaceae,1,NP,,1,1,1,1,1,1,1,7,UNS,
Suaeda_vera,Chenopodiaceae,1,NS,presence,0,0,1,1,1,1,1,5,THA,1
Tetraena_fontanesii,Zygophyllaceae,1,NS,presence,1,0,1,1,1,1,1,6,THA,1
Tetraena_gaetula,Zygophyllaceae,1,NS,presence,0,0,0,0,0,1,0,1,THA,1
Cyperus_laevigatus,Cyperaceae,1,NP,,0,1,1,1,1,1,1,6,UNS,
Cyperus_teneriffae,Cyperaceae,1,NS,,0,0,0,1,1,0,0,2,UNS,
Dendriopoterium_menendezii,Rosaceae,1,End,,0,0,0,0,1,0,0,1,UNS,
Dendriopoterium_pulidoi,Rosaceae,1,End,,0,0,0,0,1,0,0,1,UNS,
Descurainia_artemisioides,Brassicaceae,1,End,,0,0,0,0,1,0,0,1,UNS,
Descurainia_bourgeauana,Brassicaceae,1,End,,0,1,0,1,0,0,0,2,UNS,
Descurainia_millefolia,Brassicaceae,1,End,,0,1,1,1,0,0,0,3,UNS,
Descurainia_preauxiana,Brassicaceae,1,End,,0,0,0,0,1,0,0,1,UNS,
Dicheranthus_plocamoides,Caryophyllaceae,1,End,,0,0,1,1,0,0,0,2,UNS,
Dipcadi_serotinum,Liliaceae,1,NP,,0,0,1,1,1,1,1,5,UNS,
Dorycnium_spectabile,Fabaceae,1,End,,0,0,0,1,0,0,0,1,UNS,
Echium_bethencourtii,Boraginaceae,1,End,,0,1,0,0,0,0,0,1,UNS,
Echium_bonnetii,Boraginaceae,1,End,,0,0,0,1,1,1,1,4,UNS,
Echium_brevirame,Boraginaceae,1,End,,0,1,0,0,0,0,0,1,UNS,
Echium_decaisnei,Boraginaceae,1,End,,0,0,0,0,1,1,1,3,UNS,
Echium_giganteum,Boraginaceae,1,End,,0,0,0,1,0,0,0,1,UNS,
Echium_lancerottense,Boraginaceae,1,End,,0,0,0,0,0,0,1,1,UNS,
Echium_leucophaeum,Boraginaceae,1,End,,0,0,0,1,0,0,0,1,UNS,
Echium_onosmifolium,Boraginaceae,1,End,,0,0,0,0,1,0,0,1,UNS,
Echium_plantagineum,Boraginaceae,1,NP,,1,1,1,1,1,0,0,5,UNS,
Echium_simplex,Boraginaceae,1,End,,0,0,0,1,0,0,0,1,UNS,
Echium_strictum,Boraginaceae,1,End,,1,1,1,1,1,0,0,5,UNS,
Echium_sventenii,Boraginaceae,1,End,,0,0,0,1,0,0,0,1,UNS,
Echium_triste,Boraginaceae,1,End,,0,0,1,1,1,0,0,3,UNS,
Echium_webbii,Boraginaceae,1,End,,0,1,0,0,0,0,0,1,UNS,
Erica_arborea,Ericaceae,1,NS,,1,1,1,1,1,1,1,7,UNS,
Eritrichium_sventenii,Boraginaceae,1,NP,,0,0,0,0,0,1,0,1,UNS,
Erucastrum_canariense,Brassicaceae,1,End,,0,1,1,1,1,1,1,6,UNS,
Erucastrum_cardaminoides,Brassicaceae,1,NS,,1,1,1,1,1,1,1,7,UNS,
Traganum_moquinii,Chenopodiaceae,1,NS,presence,0,0,1,1,1,1,1,5,THA,1
Euphorbia_atropurpurea,Euphorbiaceae,1,End,,0,0,0,1,0,0,0,1,UNS,
Euphorbia_balsamifera,Euphorbiaceae,1,NS,,1,1,1,1,1,1,1,7,UNS,
Euphorbia_berthelotii,Euphorbiaceae,1,End,,0,0,1,0,0,0,0,1,UNS,
Euphorbia_bourgeana,Euphorbiaceae,1,End,,0,0,0,1,0,0,0,1,UNS,
Euphorbia_canariensis,Euphorbiaceae,1,End,,1,1,1,1,1,1,1,7,UNS,
Euphorbia_handiensis,Euphorbiaceae,1,End,,0,0,0,0,0,1,0,1,UNS,
Euphorbia_lamarckii,Euphorbiaceae,1,End,,1,1,1,1,0,0,0,4,UNS,
Aeonium_volkerii,Crassulaceae,1,End,presence,0,0,0,1,0,0,0,1,UNS,
Euphorbia_peplus,Euphorbiaceae,1,NO,,1,1,1,1,1,1,1,7,UNS,
Euphorbia_regis-jubae,Euphorbiaceae,1,NS,,0,1,1,0,1,1,1,5,UNS,
Euphorbia_segetalis,Euphorbiaceae,1,NP,,0,1,0,1,0,0,1,3,UNS,
Euphorbia_serrata,Euphorbiaceae,1,NP,,0,0,0,1,1,1,1,4,UNS,
Euphorbia_terracina,Euphorbiaceae,1,NP,,1,1,1,1,1,1,1,7,UNS,
Fagonia_cretica,Zygophyllaceae,1,NP,,1,1,1,1,1,1,1,7,UNS,
Foeniculum_vulgare,Apiaceae,1,NP,,1,1,1,1,1,1,1,7,UNS,
Forsskaolea_angustifolia,Urticaceae,1,End,,1,1,1,1,1,1,1,7,UNS,
Fumaria_bastardii,Fumariaceae,1,NO,,1,1,1,1,1,1,1,7,UNS,
Fumaria_coccinea,Fumariaceae,1,End,,1,0,1,1,1,1,1,6,UNS,
Fumaria_muralis,Fumariaceae,1,NP,,1,1,1,1,1,1,1,7,UNS,
Geranium_rotundifolium,Geraniaceae,1,NO,,1,1,1,1,1,1,1,7,UNS,
Gladiolus_italicus,Iridaceae,1,NO,,1,1,1,1,1,1,1,7,UNS,
Gonospermum_ferulaceum,Asteraceae,1,End,,0,0,0,0,1,0,0,1,UNS,
Gonospermum_fruticosum,Asteraceae,1,End,,1,1,1,1,0,0,0,4,UNS,
Helianthemum_bramwelliorum,Cistaceae,1,End,,0,0,0,0,0,0,1,1,UNS,
Helianthemum_canariense,Cistaceae,1,NS,,1,1,1,1,1,1,1,7,UNS,
Androcymbium_psammophilum,Liliaceae,1,End,presence,0,0,0,0,0,1,1,2,UNS,
Helianthemum_salicifolium,Cistaceae,1,NO,,0,0,0,0,1,0,0,1,UNS,
Helianthemum_thymiphyllum,Cistaceae,1,End,,0,0,0,0,0,1,1,2,UNS,
Heliotropium_ramosissimum,Boraginaceae,1,NS,,0,1,1,1,1,1,1,6,UNS,
Hippocrepis_multisiliquosa,Fabaceae,1,NP,,1,0,1,0,1,1,1,5,UNS,
Hippocrepis_salzmannii,Fabaceae,1,NP,,0,0,0,0,0,1,1,2,UNS,
Hyoscyamus_albus,Solanaceae,1,NO,,1,1,1,1,1,1,1,7,UNS,
Hypericum_glandulosum,Hypericaceae,1,NS,,0,1,1,1,1,1,0,5,UNS,
Hypericum_grandifolium,Hypericaceae,1,NS,,1,1,1,1,1,1,1,7,UNS,
Hypericum_reflexum,Hypericaceae,1,End,,0,0,1,1,1,0,0,3,UNS,
Isoplexis_canariensis,Scrophulariaceae,1,End,,0,1,1,1,0,0,0,3,UNS,
Justicia_hyssopifolia,Acanthaceae,1,End,,0,0,1,1,0,0,0,2,UNS,
Kickxia_commutata,Scrophulariaceae,1,NO,,0,0,0,1,1,0,0,2,UNS,
Kickxia_pendula,Scrophulariaceae,1,End,,0,0,0,0,1,0,0,1,UNS,
Asteriscus_schultzii,Asteraceae,1,NS,presence,0,0,0,0,0,1,1,2,UNS,
Bupleurum_semicompositum,Apiaceae,1,NS,presence,1,0,1,1,1,1,1,6,UNS,
Lamarckia_aurea,Poaceae,1,NP,,1,1,1,1,1,1,1,7,UNS,
Lavandula_bramwellii,Lamiaceae,1,End,,0,0,0,0,1,0,0,1,UNS,
Lavandula_buchii,Lamiaceae,1,End,,0,0,0,1,0,0,0,1,UNS,
Lavandula_canariensis,Lamiaceae,1,End,,1,1,1,1,1,1,1,7,UNS,
Lavandula_pinnata,Lamiaceae,1,NS,,0,0,0,0,0,1,1,2,UNS,
Lavatera_acerifolia,Malvaceae,1,End,,0,1,1,1,1,1,1,6,UNS,
Lavatera_cretica,Malvaceae,1,NO,,1,1,1,1,1,1,1,7,UNS,
Lobularia_maritima,Brassicaceae,1,NP,,1,1,0,1,1,0,0,4,UNS,
Loeflingia_hispanica,Caryophyllaceae,1,NP,,0,0,0,0,0,1,1,2,UNS,
Convolvulus_caput-medusae,Convolvulaceae,1,End,presence,0,0,0,0,1,1,0,2,UNS,
Lolium_rigidum,Poaceae,1,NO,,1,1,1,1,1,1,1,7,UNS,
Cutandia_dichotoma,Poaceae,1,NP,presence,0,0,0,0,0,1,0,1,UNS,
Lotus_callis-viridis,Fabaceae,1,End,,0,0,0,0,1,0,0,1,UNS,
Lotus_emeroides,Fabaceae,1,End,,0,0,1,0,0,0,0,1,UNS,
Lotus_eremiticus,Fabaceae,1,End,,0,1,0,0,0,0,0,1,UNS,
Cynomorium_coccineum,Balanophoraceae,1,NP,presence,0,0,0,0,0,0,1,1,UNS,
Euphorbia_aphylla,Euphorbiaceae,1,End,presence,0,0,1,1,1,1,0,4,UNS,
Lotus_holosericeus,Fabaceae,1,End,,0,0,0,0,1,0,0,1,UNS,
Euphorbia_paralias,Euphorbiaceae,1,NS,presence,0,0,1,1,1,1,1,5,UNS,
Helianthemum_ledifolium,Cistaceae,1,NP,presence,0,0,0,0,0,1,1,2,UNS,
Kickxia_sagittata,Scrophulariaceae,1,NS,presence,0,0,0,1,1,1,1,4,UNS,
Lotus_mascaensis,Fabaceae,1,End,,0,0,0,1,0,0,0,1,UNS,
Kickxia_scoparia,Scrophulariaceae,1,End,presence,0,1,1,1,1,0,0,4,UNS,
Lolium_parabolicae,Poaceae,1,NP,presence,0,0,0,1,0,1,1,3,UNS,
Luzula_canariensis,Juncaceae,1,End,,0,0,1,1,0,0,0,2,UNS,
Luzula_forsteri,Juncaceae,1,NP,,0,0,1,1,1,0,0,3,UNS,
Lotus_arinagensis,Fabaceae,1,End,presence,0,0,0,0,1,0,0,1,UNS,
Matthiola_parviflora,Brassicaceae,1,NP,,1,1,1,1,1,1,1,7,UNS,
Melica_minuta,Poaceae,1,NS,,0,0,1,1,1,0,1,4,UNS,
Mercurialis_canariensis,Euphorbiaceae,1,End,,1,1,0,1,0,0,1,4,UNS,
Mesembryanthemum_crystallinum,Aizoaceae,1,NO,,1,1,1,1,1,1,1,7,UNS,
Mesembryanthemum_nodiflorum,Aizoaceae,1,NO,,1,1,1,1,1,1,1,7,UNS,
Mesembryanthemum_theurkauffii,Aizoaceae,1,NP,,0,0,0,0,0,1,0,1,UNS,
Micromeria_hyssopifolia,Lamiaceae,1,End,,1,0,0,1,0,0,0,2,UNS,
Micromeria_lepida,Lamiaceae,1,End,,0,0,1,0,0,0,0,1,UNS,
Micromeria_leucantha,Lamiaceae,1,End,,0,0,0,0,1,0,0,1,UNS,
Micromeria_teneriffae,Lamiaceae,1,End,,0,0,0,1,0,0,0,1,UNS,
Micromeria_tenuis,Lamiaceae,1,End,,0,0,0,0,1,0,0,1,UNS,
Micromeria_varia,Lamiaceae,1,NS,,1,0,1,1,1,1,1,6,UNS,
Minuartia_geniculata,Caryophyllaceae,1,NP,,0,0,0,0,1,1,1,3,UNS,
Lotus_glaucus,Fabaceae,1,NS,presence,0,0,0,0,0,1,0,1,UNS,
Misopates_orontium,Scrophulariaceae,1,NP,,1,1,1,1,1,1,1,7,UNS,
Misopates_salvagense,Scrophulariaceae,1,NS,,1,0,0,0,0,1,1,3,UNS,
Moehringia_pentandra,Caryophyllaceae,1,NP,,1,1,1,1,1,0,1,6,UNS,
Monanthes_icterica,Crassulaceae,1,End,,0,0,1,1,0,0,0,2,UNS,
Monanthes_laxiflora,Crassulaceae,1,End,,0,1,1,1,1,1,1,6,UNS,
Monanthes_muralis,Crassulaceae,1,End,,1,1,1,0,0,0,0,3,UNS,
Monanthes_pallens,Crassulaceae,1,End,,0,0,1,1,0,0,0,2,UNS,
Muscari_comosum,Hyacinthaceae,1,NP,,1,1,1,1,1,1,1,7,UNS,
Narcissus_tazetta,Amaryllidaceae,1,NO,,0,0,0,1,1,0,0,2,UNS,
Neatostema_apulum,Boraginaceae,1,NP,,0,0,0,1,1,1,1,4,UNS,
Notoceras_bicorne,Brassicaceae,1,NP,,1,1,1,1,1,1,1,7,UNS,
Ochlopoa_annua,Poaceae,1,NO,,1,1,1,1,1,1,1,7,UNS,
Oligomeris_linifolia,Resedaceae,1,NS,,0,0,0,1,1,1,1,4,UNS,
Ononis_angustissima,Fabaceae,1,End,,0,0,0,1,1,1,1,4,UNS,
Ononis_catalinae,Fabaceae,1,End,,0,0,0,0,0,1,1,2,UNS,
Ononis_diffusa,Fabaceae,1,NP,,1,1,1,1,1,1,1,7,UNS,
Ononis_hebecarpa,Fabaceae,1,End,,0,0,0,0,0,1,1,2,UNS,
Lotus_glinoides,Fabaceae,1,NP,presence,1,0,1,1,1,1,1,6,UNS,
Ononis_laxiflora,Fabaceae,1,NP,,0,1,0,0,1,1,1,4,UNS,
Ononis_pendula,Fabaceae,1,NS,,0,0,0,0,1,1,1,3,UNS,
Ononis_reclinata,Fabaceae,1,NP,,1,1,1,1,1,1,1,7,UNS,
Ononis_sicula,Fabaceae,1,NS,,0,0,0,0,0,1,1,2,UNS,
Lotus_kunkelii,Fabaceae,1,End,presence,0,0,0,0,1,0,0,1,UNS,
Origanum_vulgare,Lamiaceae,1,NO,,1,1,1,1,1,0,0,5,UNS,
Ornithopus_compressus,Fabaceae,1,NP,,1,1,1,1,1,0,0,5,UNS,
Orobanche_amethystea,Orobanchaceae,1,NP,,0,0,0,1,0,0,1,2,UNS,
Orobanche_calendulae,Orobanchaceae,1,NP,,0,0,0,0,0,0,1,1,UNS,
Orobanche_cernua,Orobanchaceae,1,NP,,1,0,0,0,1,1,1,4,UNS,
Orobanche_minor,Orobanchaceae,1,NP,,1,1,0,0,1,1,1,5,UNS,
Oropetium_capense,Poaceae,1,End,,0,0,0,0,1,0,0,1,UNS,
Lotus_maculatus,Fabaceae,1,End,presence,0,0,0,1,0,0,0,1,UNS,
Oxalis_corniculata,Oxalidaceae,1,NO,,1,1,1,1,1,1,1,7,UNS,
Parietaria_debilis,Urticaceae,1,NP,,1,1,1,1,1,1,1,7,UNS,
Parietaria_filamentosa,Urticaceae,1,End,,0,1,1,1,0,0,0,3,UNS,
Parietaria_judaica,Urticaceae,1,NP,,1,1,1,1,1,1,1,7,UNS,
Parietaria_mauritanica,Urticaceae,1,NP,,1,0,0,1,0,0,1,3,UNS,
Parolinia_filifolia,Brassicaceae,1,End,,0,0,0,0,1,0,0,1,UNS,
Parolinia_glabriuscula,Brassicaceae,1,End,,0,0,0,0,1,0,0,1,UNS,
Parolinia_intermedia,Brassicaceae,1,End,,0,0,0,1,0,0,0,1,UNS,
Parolinia_ornata,Brassicaceae,1,End,,0,0,0,0,1,0,0,1,UNS,
Parolinia_platypetala,Brassicaceae,1,End,,0,0,0,0,1,0,0,1,UNS,
Parolinia_schizogynoides,Brassicaceae,1,End,,0,0,1,0,0,0,0,1,UNS,
Paronychia_canariensis,Caryophyllaceae,1,End,,1,1,1,1,1,0,0,5,UNS,
Paronychia_capitata,Caryophyllaceae,1,NS,,0,0,0,0,1,0,0,1,UNS,
Pelletiera_wildpretii,Primulaceae,1,NS,,1,1,0,1,1,1,1,6,UNS,
Phalaris_brachystachys,Poaceae,1,NP,,1,0,1,1,1,1,1,6,UNS,
Phalaris_canariensis,Poaceae,1,NP,,1,1,1,1,1,1,1,7,UNS,
Phalaris_coerulescens,Poaceae,1,NP,,1,1,1,1,1,1,1,7,UNS,
Lotus_sessilifolius,Fabaceae,1,End,presence,1,0,1,1,0,0,0,3,UNS,
Phalaris_paradoxa,Poaceae,1,NP,,0,1,1,1,1,1,1,6,UNS,
Phelipanche_gratiosa,Orobanchaceae,1,End,,0,0,0,0,0,0,1,1,UNS,
Phelipanche_lavandulacea,Orobanchaceae,1,NS,,0,0,0,1,1,0,0,2,UNS,
Phelipanche_mutelii,Orobanchaceae,1,NP,,1,0,1,1,1,1,1,6,UNS,
Phelipanche_nana,Orobanchaceae,1,NP,,1,0,1,1,1,0,0,4,UNS,
Phelipanche_ramosa,Orobanchaceae,1,NP,,1,1,1,1,1,1,1,7,UNS,
Pimpinella_anagodendron,Apiaceae,1,End,,0,0,0,1,0,0,0,1,UNS,
Pimpinella_cumbrae,Apiaceae,1,End,,0,1,0,1,0,0,0,2,UNS,
Pimpinella_dendrotragium,Apiaceae,1,End,,0,1,0,1,0,0,0,2,UNS,
Pimpinella_junoniae,Apiaceae,1,End,,0,0,1,0,0,0,0,1,UNS,
Piptatherum_miliaceum,Poaceae,1,NO,,1,1,1,1,1,1,1,7,UNS,
Plantago_albicans,Plantaginaceae,1,NP,,0,0,0,1,1,1,1,4,UNS,
Plantago_arborescens,Plantaginaceae,1,NS,,1,1,1,1,1,0,0,5,UNS,
Plantago_asphodeloides,Plantaginaceae,1,End,,0,0,1,1,1,0,0,3,UNS,
Lotus_tenellus,Fabaceae,1,End,presence,0,0,0,1,1,0,0,2,UNS,
Plantago_famarae,Plantaginaceae,1,End,,0,0,0,0,0,0,1,1,UNS,
Plantago_lagopus,Plantaginaceae,1,NP,,1,1,1,1,1,1,1,7,UNS,
Plantago_loeflingii,Plantaginaceae,1,NP,,1,0,1,1,1,0,0,4,UNS,
Plantago_ovata,Plantaginaceae,1,NP,,0,1,1,1,1,1,1,6,UNS,
Poa_bulbosa,Poaceae,1,NS,,1,0,0,1,1,0,0,3,UNS,
Polycarpaea_aristata,Caryophyllaceae,1,End,,0,1,0,1,1,0,0,3,UNS,
Polycarpaea_carnosa,Caryophyllaceae,1,End,,0,0,1,1,1,0,0,3,UNS,
Polycarpaea_divaricata,Caryophyllaceae,1,End,,1,1,1,1,1,1,1,7,UNS,
Polycarpaea_filifolia,Caryophyllaceae,1,End,,0,0,1,1,1,0,0,3,UNS,
Polycarpaea_latifolia,Caryophyllaceae,1,End,,1,0,1,1,1,1,0,5,UNS,
Mairetis_microsperma,Boraginaceae,1,NS,presence,0,0,0,1,1,1,1,4,UNS,
Polycarpaea_robusta,Caryophyllaceae,1,End,,0,0,0,0,0,0,1,1,UNS,
Polycarpaea_smithii,Caryophyllaceae,1,End,,1,1,1,0,0,0,0,3,UNS,
Polycarpon_tetraphyllum,Caryophyllaceae,1,NO,,1,1,1,1,1,1,1,7,UNS,
Polygonum_aviculare,Polygonaceae,1,NO,,1,1,1,1,1,1,1,7,UNS,
Portulaca_canariensis,Portulacaceae,1,End,,0,0,0,1,0,0,1,2,UNS,
Potamogeton_nodosus,Potamogetonaceae,1,NP,,0,0,1,1,1,0,0,3,UNS,
Potamogeton_pussillum,Potamogetonaceae,1,NP,,0,0,0,1,1,0,0,2,UNS,
Potamogeton_trichoides,Potamogetonaceae,1,NP,,0,0,0,1,0,0,0,1,UNS,
Minuartia_webbii,Caryophyllaceae,1,End,presence,0,0,0,1,0,1,1,3,UNS,
Raphanus_raphanistrum,Brassicaceae,1,NO,,1,1,1,1,1,1,1,7,UNS,
Ononis_hesperia,Fabaceae,1,NS,presence,0,0,0,1,1,1,1,4,UNS,
Reseda_luteola,Resedaceae,1,NP,,1,1,0,1,1,1,1,6,UNS,
Reseda_scoparia,Resedaceae,1,End,,0,1,1,1,1,0,0,4,UNS,
Retama_rhodorhizoides,Fabaceae,1,End,,1,1,1,1,1,1,0,6,UNS,
Romulea_columnae,Iridaceae,1,NS,,1,1,1,1,1,1,1,7,UNS,
Ononis_tournefortii,Fabaceae,1,NP,presence,1,0,1,1,1,1,1,6,UNS,
Ruta_oreojasme,Rutaceae,1,End,,0,0,0,0,1,0,0,1,UNS,
Rutheopsis_herbanica,Apiaceae,1,End,,0,0,0,0,0,1,1,2,UNS,
Sagina_apetala,Caryophyllaceae,1,NP,,1,1,1,1,1,1,1,7,UNS,
Otanthus_maritimus,Asteraceae,1,NP,presence,0,0,0,0,1,0,1,2,UNS,
Salvia_aegyptiaca,Lamiaceae,1,NS,,0,0,1,1,1,1,1,5,UNS,
Salvia_broussonetii,Lamiaceae,1,End,,0,0,0,1,0,0,0,1,UNS,
Salvia_canariensis,Lamiaceae,1,End,,1,1,1,1,1,1,1,7,UNS,
Salvia_herbanica,Lamiaceae,1,End,,0,0,0,0,0,1,0,1,UNS,
Samolus_valerandi,Primulaceae,1,NP,,0,1,1,1,1,1,1,6,UNS,
Sanguisorba_megacarpa,Rosaceae,1,NS,,1,1,1,1,1,1,1,7,UNS,
Scilla_dasyantha,Hyacinthaceae,1,End,,0,0,0,1,1,1,1,4,UNS,
Scilla_haemorrhoidalis,Hyacinthaceae,1,End,,1,1,1,1,1,1,1,7,UNS,
Scilla_latifolia,Hyacinthaceae,1,NS,,1,1,1,1,0,1,1,6,UNS,
Scrophularia_arguta,Scrophulariaceae,1,NS,,1,1,1,1,1,1,1,7,UNS,
Scrophularia_glabrata,Scrophulariaceae,1,End,,0,1,0,1,0,0,0,2,UNS,
Scrophularia_smithii,Scrophulariaceae,1,End,,1,1,1,1,1,0,0,5,UNS,
Semele_androgyna,Convallariaceae,1,NS,,1,1,1,1,1,0,0,5,UNS,
Seseli_webbii,Apiaceae,1,End,,1,1,1,1,1,0,0,5,UNS,
Sideritis_amagroi,Lamiaceae,1,End,,0,0,0,0,1,0,0,1,UNS,
Sideritis_barbellata,Lamiaceae,1,End,,0,1,0,0,0,0,0,1,UNS,
Sideritis_brevicaulis,Lamiaceae,1,End,,0,0,0,1,0,0,0,1,UNS,
Sideritis_canariensis,Lamiaceae,1,End,,1,1,0,1,0,0,0,3,UNS,
Sideritis_cretica,Lamiaceae,1,End,,0,0,1,1,0,0,0,2,UNS,
Sideritis_cystosiphon,Lamiaceae,1,End,,0,0,0,1,0,0,0,1,UNS,
Sideritis_dendro-chahorra,Lamiaceae,1,End,,0,0,0,1,0,0,0,1,UNS,
Sideritis_gomerae,Lamiaceae,1,End,,0,0,1,0,0,0,0,1,UNS,
Sideritis_kuegleriana,Lamiaceae,1,End,,0,0,0,1,0,0,0,1,UNS,
Sideritis_lotsyi,Lamiaceae,1,End,,0,0,1,1,0,0,0,2,UNS,
Sideritis_nervosa,Lamiaceae,1,End,,0,0,0,1,0,0,0,1,UNS,
Sideritis_pumila,Lamiaceae,1,End,,0,0,0,0,0,1,1,2,UNS,
Silene_behen,Caryophyllaceae,1,NP,,0,0,0,1,1,1,1,4,UNS,
Silene_berthelotiana,Caryophyllaceae,1,End,,1,0,0,1,0,0,0,2,UNS,
Silene_bourgeaui,Caryophyllaceae,1,End,,0,0,1,0,0,0,0,1,UNS,
Silene_lagunensis,Caryophyllaceae,1,End,,0,0,0,1,0,0,0,1,UNS,
Silene_vulgaris,Caryophyllaceae,1,NO,,1,1,1,1,1,1,1,7,UNS,
Sisymbrium_orientale,Brassicaceae,1,NP,,0,0,0,1,0,0,0,1,UNS,
Spartocytisus_supranubius,Fabaceae,1,End,,0,1,0,1,0,0,0,2,UNS,
Teline_pallida,Fabaceae,1,End,,0,0,1,1,0,0,0,2,UNS,
Phalaris_minor,Poaceae,1,NP,presence,0,0,1,1,1,1,1,5,UNS,
Teucrium_heterophyllum,Lamiaceae,1,NS,,1,1,1,1,1,0,0,5,UNS,
Theligonum_cynocrambe,Theligoniaceae,1,NP,,0,1,1,1,1,0,0,4,UNS,
Thesium_humile,Santalaceae,1,NP,,0,1,1,1,1,1,1,6,UNS,
Tinguarra_cervariaefolia,Apiaceae,1,End,,1,1,1,1,0,0,0,4,UNS,
Todaroa_aurea,Apiaceae,1,End,,1,1,1,1,1,0,0,5,UNS,
Todaroa_montana,Apiaceae,1,End,,1,1,1,1,1,0,0,5,UNS,
Trigonella_anguina,Fabaceae,1,NP,,0,0,1,0,0,1,1,3,UNS,
Trigonella_stellata,Fabaceae,1,NS,,0,0,0,1,1,1,1,4,UNS,
Urtica_membranacea,Urticaceae,1,NP,,1,1,1,1,1,1,0,6,UNS,
Urtica_stachyoides,Urticaceae,1,End,,1,1,0,1,1,0,0,4,UNS,
Urtica_urens,Urticaceae,1,NP,,1,1,1,1,1,1,1,7,UNS,
Vaccaria_hispanica,Caryophyllaceae,1,NP,,0,0,0,1,0,1,1,3,UNS,
Veronica_anagallis-aquatica,Scrophulariaceae,1,NO,,0,1,1,1,1,0,0,4,UNS,
Vicia_chaetocalyx,Fabaceae,1,End,,0,0,0,0,1,0,0,1,UNS,
Vicia_cirrhosa,Fabaceae,1,End,,1,1,1,1,1,0,0,5,UNS,
Vicia_filicaulis,Fabaceae,1,End,,0,0,0,0,1,0,0,1,UNS,
Vicia_hirsuta,Fabaceae,1,NP,,1,1,1,1,1,0,0,5,UNS,
Vicia_nataliae,Fabaceae,1,End,,0,0,1,0,0,0,0,1,UNS,
Vicia_tetrasperma,Fabaceae,1,NP,,1,1,1,1,1,1,1,7,UNS,
Wahlenbergia_lobelioides,Campanulaceae,1,NS,,1,1,1,1,1,1,1,7,UNS,
Adenocarpus_ombriosus,Fabaceae,,End,,1,0,0,0,0,0,0,1,,
Adenocarpus_viscosus,Fabaceae,,End,,0,1,1,1,0,0,0,3,,
Aegilops_geniculata,Poaceae,,NO,,0,1,1,1,0,0,1,4,,
Aegilops_lorentii,Poaceae,,NO,,0,0,1,0,0,0,0,1,,
Aegilops_neglecta,Poaceae,,NO,,0,0,0,0,0,0,1,1,,
Aeonium_cuneatum,Crassulaceae,,End,,0,0,0,1,0,0,0,1,,
Aeonium_gomerense,Crassulaceae,,End,,0,0,1,0,0,0,0,1,,
Aeonium_simsii,Crassulaceae,,End,,0,0,0,0,1,0,0,1,,
Aeonium_spathulatum,Crassulaceae,,End,,1,1,1,1,1,0,0,5,,
Agrostis_capillaris,Poaceae,,NO,,0,1,0,0,0,0,0,1,,
Agrostis_castellana,Poaceae,,NO,,1,1,1,1,1,1,1,7,,
Aichryson_bituminosum,Crassulaceae,,End,,0,0,0,0,1,0,0,1,,
Aichryson_bollei,Crassulaceae,,End,,0,1,0,0,0,0,0,1,,
Aichryson_brevipetalum,Crassulaceae,,End,,0,1,0,0,0,0,0,1,,
Aichryson_pachycaulon,Crassulaceae,,End,,0,1,1,1,1,1,0,5,,
Aichryson_palmense,Crassulaceae,,End,,0,1,0,0,0,0,0,1,,
Aichryson_parlatorei,Crassulaceae,,End,,1,1,1,1,1,0,0,5,,
Aichryson_porphyrogennetos,Crassulaceae,,End,,0,0,0,1,1,0,0,2,,
Aichryson_punctatum,Crassulaceae,,End,,1,1,1,1,1,1,0,6,,
Aira_caryophyllea,Poaceae,,NO,,1,1,1,1,1,1,1,7,,
Aira_cupaniana,Poaceae,,NO,,0,0,0,1,0,1,1,3,,
Aira_elegantissima,Poaceae,,NO,,0,0,1,0,0,0,0,1,,
Aira_praecox,Poaceae,,NO,,0,0,0,1,0,0,0,1,,
Allium_paniculatum,Alliaceae,,NO,,0,1,0,1,1,0,0,3,,
Allium_roseum,Alliaceae,,NO,,1,1,1,1,1,1,1,7,,
Allium_rotundum,Alliaceae,,NO,,0,0,0,1,1,0,0,2,,
Plantago_coronopus,Plantaginaceae,1,NP,presence,1,1,1,1,1,1,1,7,UNS,
Ammi_procerum,Apiaceae,,NO,,0,0,0,0,1,0,0,1,,
Ammi_visnaga,Apiaceae,,NO,,0,1,0,0,1,0,0,2,,
Ammophila_arenaria,Poaceae,,NO,,0,0,0,0,0,1,0,1,,
Anacyclus_clavatus,Asteraceae,,NO,,0,0,0,0,0,0,1,1,,
Anacyclus_radiatus,Asteraceae,,NO,,1,0,1,1,1,1,1,6,,
Anagallis_foemina,Primulaceae,,NO,,0,0,0,1,0,0,0,1,,
Anchusa_azurea,Boraginaceae,,NO,,1,1,1,1,1,1,1,7,,
Andropogon_distachyos,Poaceae,,NO,,0,0,1,1,0,0,0,2,,
Andryala_integrifolia,Asteraceae,,NP,,1,0,0,0,1,0,0,2,,
Andryala_webbii,Asteraceae,,End,,0,1,1,0,0,0,0,2,,
Anisantha_diandra,Poaceae,,NO,,1,1,1,1,1,1,1,7,,
Anisantha_madritensis,Poaceae,,NO,,1,1,1,1,1,1,1,7,,
Anisantha_rigida,Poaceae,,NO,,1,1,1,1,1,1,1,7,,
Anisantha_rubens,Poaceae,,NS,,1,1,1,1,1,1,1,7,,
Anisantha_tectorum,Poaceae,,NO,,0,1,0,1,1,0,0,3,,
Anthoxanthum_odoratum,Poaceae,,NO,,0,1,0,1,1,0,0,3,,
Aphanes_microcarpa,Rosaceae,,NO,,1,1,1,1,1,0,0,5,,
Apium_nodiflorum,Apiaceae,,NO,,0,1,1,1,1,0,0,4,,
Apium_repens,Apiaceae,,NO,,0,0,0,1,0,0,0,1,,
Arabidopsis_thaliana,Brassicaceae,,NO,,1,1,1,1,1,0,0,5,,
Arabis_caucasica,Brassicaceae,,NP,,1,1,1,1,1,0,0,5,,
Arabis_recta,Brassicaceae,,NO,,0,1,0,1,1,0,0,3,,
Arenaria_leptoclados,Caryophyllaceae,,NP,,1,1,1,1,1,1,1,7,,
Arenaria_serpyllifolia,Caryophyllaceae,,NO,,0,1,0,1,0,0,1,3,,
Argyranthemum_adauctum,Asteraceae,,End,,1,1,0,1,1,0,0,4,,
Argyranthemum_callichrysum,Asteraceae,,End,,0,0,1,0,0,0,0,1,,
Argyranthemum_foeniculaceum,Asteraceae,,End,,0,0,0,1,0,0,0,1,,
Argyranthemum_haouarytheum,Asteraceae,,End,,0,1,0,0,0,0,0,1,,
Argyranthemum_sventenii,Asteraceae,,End,,1,0,0,0,0,0,0,1,,
Argyranthemum_webbii,Asteraceae,,End,,0,1,0,0,0,0,0,1,,
Argyranthemum_winteri,Asteraceae,,End,,0,0,0,0,0,1,0,1,,
Arrhenatherum_calderae,Poaceae,,End,,0,1,0,1,0,0,0,2,,
Arrhenatherum_elatius,Poaceae,,NP,,1,1,0,1,1,0,1,5,,
Arum_italicum,Araceae,,NO,,0,1,1,1,1,1,0,5,,
Asparagus_fallax,Convallariaceae,,End,,0,0,1,1,0,0,0,2,,
Asparagus_plocamoides,Convallariaceae,,End,,0,1,1,1,1,0,0,4,,
Asphodelus_ayardii,Asphodelaceae,,NO,,0,0,0,0,1,0,0,1,,
Asteriscus_aquaticus,Asteraceae,,NP,,0,1,1,1,1,1,1,6,,
Asterolinon_linum-stellatum,Primulaceae,,NP,,1,1,1,1,1,1,1,7,,
Astragalus_boeticus,Fabaceae,,NO,,1,0,0,1,1,0,1,4,,
Astragalus_hamosus,Fabaceae,,NS,,1,1,1,1,1,1,1,7,,
Astragalus_sinaicus,Fabaceae,,NO,,0,0,0,0,0,1,1,2,,
Astragalus_solandri,Fabaceae,,NO,,0,0,1,1,1,1,1,5,,
Atractylis_cancellata,Asteraceae,,NP,,0,1,1,1,1,1,1,6,,
Avena_barbata,Poaceae,,NO,,1,1,1,1,1,1,1,7,,
Avena_byzantina,Poaceae,,NO,,0,1,0,0,0,0,0,1,,
Avena_sterilis,Poaceae,,NO,,1,1,1,1,1,1,1,7,,
Avenula_marginata,Poaceae,,NP,,0,0,1,1,0,0,0,2,,
Babcockia_platylepis,Asteraceae,,End,,0,0,0,0,1,0,0,1,,
Bencomia_brachystachya,Rosaceae,,End,,0,0,0,0,1,0,0,1,,
Bencomia_exstipulata,Rosaceae,,End,,0,1,0,1,0,0,0,2,,
Bencomia_sphaerocarpa,Rosaceae,,End,,1,0,0,0,0,0,0,1,,
Biscutella_auriculata,Brassicaceae,,NO,,0,1,0,1,0,1,1,4,,
Bothriochloa_pertusa,Poaceae,,NO,,0,0,0,1,1,0,0,2,,
Briza_media,Poaceae,,NO,,0,0,0,1,1,0,0,2,,
Briza_minor,Poaceae,,NO,,1,1,1,1,1,0,0,5,,
Bromus_hordeaceus,Poaceae,,NO,,1,1,1,1,1,1,1,7,,
Bromus_lanceolatus,Poaceae,,NO,,1,1,1,1,1,1,1,7,,
Bromus_squarrosus,Poaceae,,NO,,0,0,0,0,0,1,0,1,,
Bupleurum_handiense,Apiaceae,,End,,0,0,0,0,0,1,1,2,,
Bupleurum_salicifolium,Apiaceae,,NS,,1,1,1,1,1,0,0,5,,
Bystropogon_plumosus,Lamiaceae,,End,,0,0,0,1,0,0,0,1,,
Bystropogon_wildpretii,Lamiaceae,,End,,0,1,0,0,0,0,0,1,,
Calendula_suffruticosa,Asteraceae,,NO,,0,0,0,1,0,0,0,1,,
Callitriche_stagnalis,Callitrichaceae,,NO,,0,0,1,1,1,0,0,3,,
Campanula_erinus,Campanulaceae,,NO,,1,1,1,1,1,1,1,7,,
Canarina_canariensis,Campanulaceae,,End,,1,1,1,1,1,0,0,5,,
Capsella_bursa-pastoris,Brassicaceae,,NO,,1,1,1,1,1,1,1,7,,
Capsella_rubella,Brassicaceae,,NO,,1,0,1,0,1,0,0,3,,
Cardamine_hirsuta,Brassicaceae,,NO,,1,1,1,1,1,0,0,5,,
Carduncellus_caeruleus,Asteraceae,,NO,,0,1,0,1,1,0,1,4,,
Carduus_pycnocephalus,Asteraceae,,NO,,0,1,1,1,1,1,0,5,,
Carduus_tenuiflorus,Asteraceae,,NO,,1,1,1,1,1,1,1,7,,
Carduus_volutarioides,Asteraceae,,End,,0,0,0,1,0,0,0,1,,
Carex_distachya,Cyperaceae,,NO,,0,0,1,0,1,0,0,2,,
Carex_distans,Cyperaceae,,NO,,0,0,1,0,1,0,0,2,,
Carex_otrubae,Cyperaceae,,NO,,0,0,1,1,1,0,0,3,,
Carex_pairae,Cyperaceae,,NO,,0,0,1,1,1,0,0,3,,
Carex_paniculata,Cyperaceae,,NS,,0,0,0,1,0,0,0,1,,
Carex_perraudieriana,Cyperaceae,,End,,0,1,1,1,0,1,0,4,,
Carex_pseudocyperus,Cyperaceae,,NO,,0,0,0,1,0,0,0,1,,
Carex_tumidicarpa,Cyperaceae,,NO,,0,0,0,1,0,0,0,1,,
Carlina_canariensis,Asteraceae,,End,,0,0,0,0,1,0,0,1,,
Carlina_texedae,Asteraceae,,End,,0,0,0,0,1,0,0,1,,
Carlina_xeranthemoides,Asteraceae,,End,,0,0,0,1,0,0,0,1,,
Castellia_tuberculosa,Poaceae,,NO,,0,1,1,1,1,1,1,6,,
Catapodium_marinum,Poaceae,,NO,,0,0,0,0,0,1,1,2,,
Catapodium_rigidum,Poaceae,,NO,,1,1,1,1,1,1,1,7,,
Centaurea_aspera,Asteraceae,,NO,,0,0,0,0,1,0,0,1,,
Centaurea_calcitrapa,Asteraceae,,NO,,1,0,1,1,1,1,1,6,,
Centranthus_calcitrapae,Valerianaceae,,NO,,1,1,1,1,1,0,0,5,,
Cerastium_arvense,Caryophyllaceae,,NO,,0,0,1,1,1,0,0,3,,
Cerastium_fontanum,Caryophyllaceae,,NO,,0,0,0,1,1,0,0,2,,
Cerastium_glomeratum,Caryophyllaceae,,NO,,1,1,1,1,1,1,1,7,,
Cerastium_sventenii,Caryophyllaceae,,End,,1,1,0,1,0,0,0,3,,
Chamaesyce_canescens,Euphorbiaceae,,NO,,0,0,1,1,1,0,0,3,,
Pteranthus_dichotomus,Caryophyllaceae,1,NP,presence,0,0,0,0,0,1,1,2,UNS,
Cheirolophus_arboreus,Asteraceae,,End,,0,1,0,0,0,0,0,1,,
Cheirolophus_arbutifolius,Asteraceae,,End,,0,0,0,0,1,0,0,1,,
Cheirolophus_duranii,Asteraceae,,End,,1,0,0,0,0,0,0,1,,
Cheirolophus_falcisectus,Asteraceae,,End,,0,0,0,0,1,0,0,1,,
Cheirolophus_metlesicsii,Asteraceae,,End,,0,0,0,1,0,0,0,1,,
Cheirolophus_santos-abreui,Asteraceae,,End,,0,1,0,0,0,0,0,1,,
Cheirolophus_satarataÃ«nsis,Asteraceae,,End,,0,0,1,0,0,0,0,1,,
Cheirolophus_sventenii,Asteraceae,,End,,0,1,0,0,0,0,0,1,,
Cheirolophus_tagananensis,Asteraceae,,End,,0,0,0,1,0,0,0,1,,
Cheirolophus_teydis,Asteraceae,,End,,0,1,0,1,0,0,0,2,,
Chelidonium_majus,Papaveraceae,,NS,,1,0,0,1,0,0,0,2,,
Chenopodium_album,Chenopodiaceae,,NO,,1,1,1,1,1,1,1,7,,
Chenopodium_glaucum,Chenopodiaceae,,NO,,0,0,0,0,1,0,0,1,,
Chenopodium_urbicum,Chenopodiaceae,,NO,,0,0,0,1,1,0,0,2,,
Chenopodium_vulvaria,Chenopodiaceae,,NO,,1,0,0,1,0,0,0,2,,
Cicer_canariense,Fabaceae,,End,,0,1,0,1,0,0,0,2,,
Cistus_asper,Cistaceae,,End,,1,0,0,0,0,0,0,1,,
Cistus_chinamadensis,Cistaceae,,End,,1,0,1,1,0,0,0,3,,
Cistus_ocreatus,Cistaceae,,End,,0,0,0,0,1,0,0,1,,
Cistus_osbeckiifolius,Cistaceae,,End,,0,0,0,1,0,0,0,1,,
Cistus_palmensis,Cistaceae,,End,,0,1,0,0,0,0,0,1,,
Cladanthus_mixtus,Asteraceae,,NO,,1,1,1,1,1,0,0,5,,
Conium_maculatum,Apiaceae,,NO,,1,1,1,1,1,0,0,5,,
Convolvulus_althaeoides,Convolvulaceae,,NO,,1,1,1,1,1,1,1,7,,
Convolvulus_arvensis,Convolvulaceae,,NO,,1,1,1,1,1,1,1,7,,
Convolvulus_canariensis,Convolvulaceae,,End,,1,1,1,1,1,0,0,5,,
Convolvulus_glandulosus,Convolvulaceae,,End,,0,0,0,0,1,0,0,1,,
Convolvulus_lopezsocasi,Convolvulaceae,,End,,0,0,0,0,0,0,1,1,,
Convolvulus_perraudieri,Convolvulaceae,,End,,0,0,0,1,1,0,0,2,,
Convolvulus_siculus,Convolvulaceae,,NO,,1,1,1,1,1,1,1,7,,
Convolvulus_tricolor,Convolvulaceae,,NO,,0,0,0,1,1,0,0,2,,
Convolvulus_volubilis,Convolvulaceae,,End,,0,0,1,1,0,0,0,2,,
Crambe_arborea,Brassicaceae,,End,,0,0,0,1,0,0,0,1,,
Crambe_feuilleei,Brassicaceae,,End,,1,0,0,0,0,0,0,1,,
Crambe_gomerae,Brassicaceae,,End,,0,0,1,0,0,0,0,1,,
Crambe_laevigata,Brassicaceae,,End,,0,0,0,1,0,0,0,1,,
Crambe_microcarpa,Brassicaceae,,End,,0,1,0,0,0,0,0,1,,
Crambe_pritzelii,Brassicaceae,,End,,0,0,0,0,1,0,0,1,,
Crambe_santosii,Brassicaceae,,End,,0,1,1,0,0,0,0,2,,
Crambe_wildpretii,Brassicaceae,,End,,0,0,1,0,0,0,0,1,,
Crassula_tillaea,Crassulaceae,,NO,,1,1,1,1,1,1,1,7,,
Crepis_capillaris,Asteraceae,,NO,,0,1,0,1,1,0,0,3,,
Crepis_foetida,Asteraceae,,NO,,1,1,1,1,1,0,0,5,,
Crepis_juvenalis,Asteraceae,,NO,,0,0,0,1,0,0,0,1,,
Crepis_vesicaria,Asteraceae,,NO,,0,0,0,1,1,0,0,2,,
Cutandia_divaricata,Poaceae,,NO,,0,0,0,0,0,0,1,1,,
Cutandia_maritima,Poaceae,,NO,,0,0,0,0,0,1,1,2,,
Cynara_humilis,Asteraceae,,NO,,0,0,0,0,1,0,0,1,,
Cyperus_alopecuroides,Cyperaceae,,NO,,0,1,0,1,1,0,0,3,,
Cyperus_fuscus,Cyperaceae,,NO,,0,0,0,1,0,0,0,1,,
Cyperus_longus,Cyperaceae,,NO,,0,1,1,1,1,1,0,5,,
Cyperus_michelianus,Cyperaceae,,NO,,0,0,0,0,1,0,0,1,,
Cytinus_ruber,Rafflesiaceae,,NP,,0,1,0,1,0,0,0,2,,
Dactylis_glomerata,Poaceae,,NO,,1,1,0,1,1,0,0,4,,
Dactylis_metlesicsii,Poaceae,,End,,0,0,0,1,0,0,0,1,,
Daucus_aureus,Apiaceae,,NO,,0,0,0,1,1,0,0,2,,
Daucus_carota,Apiaceae,,NO,,1,1,1,1,1,1,0,6,,
Descurainia_gilva,Brassicaceae,,End,,0,1,0,0,0,0,0,1,,
Descurainia_gonzalesii,Brassicaceae,,End,,0,0,0,1,0,0,0,1,,
Descurainia_lemsii,Brassicaceae,,End,,0,0,0,1,0,0,0,1,,
Diplotaxis_catholica,Brassicaceae,,NO,,0,0,0,0,1,0,0,1,,
Diplotaxis_muralis,Brassicaceae,,NO,,0,0,0,1,0,0,0,1,,
Dorycnium_broussonetii,Fabaceae,,End,,0,0,0,1,1,0,0,2,,
Dorycnium_eriophthalmum,Fabaceae,,End,,1,1,1,1,1,0,0,5,,
Dracaena_draco,Dracaenaceae,,NS,,1,1,1,1,1,0,0,5,,
Dracaena_tamaranae,Dracaenaceae,,End,,0,0,0,0,1,0,0,1,,
Ebingeria_elegans,Juncaceae,,NS,,1,1,1,1,1,0,0,5,,
Echium_acanthocarpum,Boraginaceae,,End,,0,0,1,0,0,0,0,1,,
Echium_aculeatum,Boraginaceae,,End,,1,1,1,1,0,0,0,4,,
Echium_auberianum,Boraginaceae,,End,,0,0,0,1,0,0,0,1,,
Echium_callithyrsum,Boraginaceae,,End,,0,0,0,0,1,0,0,1,,
Echium_gentianoides,Boraginaceae,,End,,0,1,0,0,0,0,0,1,,
Echium_handiense,Boraginaceae,,End,,0,0,0,0,0,1,0,1,,
Echium_hierrense,Boraginaceae,,End,,1,0,0,0,0,0,0,1,,
Echium_pininana,Boraginaceae,,End,,0,1,0,0,0,0,0,1,,
Echium_virescens,Boraginaceae,,End,,0,0,0,1,0,0,0,1,,
Echium_wildpretii,Boraginaceae,,End,,0,1,0,1,0,0,0,2,,
Eleocharis_multicaulis,Cyperaceae,,NO,,0,0,0,1,0,0,0,1,,
Eleocharis_palustris,Cyperaceae,,NO,,0,0,1,1,1,0,0,3,,
Elytrigia_repens,Poaceae,,NO,,0,0,0,1,1,0,0,2,,
Enneapogon_desvauxii,Poaceae,,NO,,0,0,0,1,1,1,1,4,,
Epilobium_hirsutum,Onagraceae,,NO,,0,1,1,1,0,0,0,3,,
Epilobium_obscurum,Onagraceae,,NO,,0,0,0,1,0,0,0,1,,
Epilobium_palustre,Onagraceae,,NO,,0,0,0,1,0,0,0,1,,
Epilobium_parviflorum,Onagraceae,,NO,,0,1,1,1,1,0,0,4,,
Epilobium_tetragonum,Onagraceae,,NO,,0,1,1,1,1,0,0,4,,
Eragrostis_barrelieri,Poaceae,,NO,,1,1,1,1,1,1,1,7,,
Eragrostis_virescens,Poaceae,,NO,,0,1,0,0,0,0,0,1,,
Erica_platycodon,Ericaceae,,End,,1,0,1,1,0,0,0,3,,
Erigeron_calderae,Asteraceae,,End,,0,0,0,1,0,0,0,1,,
Erodium_botrys,Geraniaceae,,NO,,1,1,1,1,1,1,1,7,,
Erodium_brachycarpum,Geraniaceae,,NO,,1,0,0,1,0,0,0,2,,
Erodium_ciconium,Geraniaceae,,NO,,0,0,0,1,1,0,0,2,,
Erodium_cicutarium,Geraniaceae,,NO,,1,1,1,1,1,1,1,7,,
Reseda_crystallina,Resedaceae,1,End,presence,0,0,0,0,1,1,1,3,UNS,
Erodium_malacoides,Geraniaceae,,NO,,1,1,1,1,1,1,1,7,,
Erodium_maritimum,Geraniaceae,,NO,,0,0,0,1,1,0,0,2,,
Erodium_moschatum,Geraniaceae,,NO,,1,1,1,1,1,1,1,7,,
Ruppia_maritima,Ruppiaceae,1,NS,presence,0,0,1,1,1,1,1,5,UNS,
Eruca_vesicaria,Brassicaceae,,NO,,1,1,1,1,1,1,1,7,,
Erysimum_albescens,Brassicaceae,,End,,0,0,0,0,1,0,0,1,,
Erysimum_scoparium,Brassicaceae,,End,,0,1,0,1,0,0,0,2,,
Euphorbia_bravoana,Euphorbiaceae,,End,,0,0,1,0,0,0,0,1,,
Euphorbia_cyathophora,Euphorbiaceae,,NO,,0,0,1,0,1,1,0,3,,
Euphorbia_helioscopia,Euphorbiaceae,,NO,,0,1,1,1,1,1,0,5,,
Euphorbia_lambii,Euphorbiaceae,,End,,0,0,1,0,0,0,0,1,,
Euphorbia_lathyris,Euphorbiaceae,,NO,,0,1,0,1,0,0,0,2,,
Euphorbia_mellifera,Euphorbiaceae,,NS,,0,1,1,1,0,0,0,3,,
Euphorbia_peploides,Euphorbiaceae,,NO,,0,0,0,0,0,1,1,2,,
Euphorbia_platyphylla,Euphorbiaceae,,NO,,0,0,0,1,1,0,0,2,,
Euphorbia_sulcata,Euphorbiaceae,,NO,,0,0,0,1,1,1,1,4,,
Euphorbia_taurinensis,Euphorbiaceae,,NO,,0,0,0,0,0,1,1,2,,
Euphorbia_variabilis,Euphorbiaceae,,NO,,0,0,0,1,0,1,0,2,,
Ferula_latipinna,Apiaceae,,End,,0,1,1,0,0,0,0,2,,
Festuca_agustinii,Poaceae,,End,,1,1,1,1,1,0,0,5,,
Festuca_rubra,Poaceae,,NO,,0,1,0,0,1,0,0,2,,
Filago_germanica,Asteraceae,,NO,,1,1,1,1,1,1,1,7,,
Filago_pygmaea,Asteraceae,,NO,,1,0,0,1,1,0,1,4,,
Fimbristylis_bisumbellata,Cyperaceae,,NO,,0,0,0,1,1,0,0,2,,
Fumaria_montana,Fumariaceae,,NS,,1,1,1,1,1,1,1,7,,
Fumaria_officinalis,Fumariaceae,,NO,,0,0,0,0,1,1,1,3,,
Fumaria_vaillantii,Fumariaceae,,NO,,0,0,0,1,1,1,1,4,,
Galium_elongatum,Rubiaceae,,NO,,0,0,0,1,0,0,0,1,,
Galium_geminiflorum,Rubiaceae,,NO,,1,0,0,0,0,1,0,2,,
Galium_parisiense,Rubiaceae,,NP,,1,1,1,1,1,1,1,7,,
Galium_setaceum,Rubiaceae,,NO,,1,1,1,0,1,1,0,5,,
Galium_spurium,Rubiaceae,,NO,,1,0,0,1,1,0,1,4,,
Galium_tricornutum,Rubiaceae,,NO,,0,1,1,1,1,1,1,6,,
Galium_verrucosum,Rubiaceae,,NO,,1,1,1,1,1,0,0,5,,
Gastridium_phleoides,Poaceae,,NO,,1,1,0,0,0,1,0,3,,
Gastridium_ventricosum,Poaceae,,NO,,0,1,1,1,1,1,1,6,,
Gaudinia_fragilis,Poaceae,,NO,,0,0,0,1,1,0,0,2,,
Genista_benehoavensis,Fabaceae,,End,,0,1,0,0,0,0,0,1,,
Geranium_dissectum,Geraniaceae,,NO,,1,1,1,1,1,0,0,5,,
Geranium_molle,Geraniaceae,,NO,,1,1,1,1,1,1,1,7,,
Geranium_purpureum,Geraniaceae,,NO,,1,1,1,1,1,0,1,6,,
Geranium_reuteri,Geraniaceae,,End,,1,1,1,1,1,0,0,5,,
Geranium_robertianum,Geraniaceae,,NO,,1,1,1,1,1,0,0,5,,
Geropogon_hybridus,Asteraceae,,NO,,0,0,1,1,0,0,0,2,,
Gesnouinia_arborea,Urticaceae,,End,,1,1,1,1,1,0,0,5,,
Glinus_lotoides,Molluginaceae,,NO,,,,,,,,,0,,
Globularia_ascanii,Globulariaceae,,End,,0,0,0,0,1,0,0,1,,
Globularia_sarcophylla,Globulariaceae,,End,,0,0,0,0,1,0,0,1,,
Gonospermum_canariense,Asteraceae,,End,,1,1,0,0,0,0,0,2,,
Gonospermum_gomerae,Asteraceae,,End,,0,0,1,0,0,0,0,1,,
Gonospermum_oshanahanii,Asteraceae,,End,,0,0,0,0,1,0,0,1,,
Gonospermum_ptarmiciflorum,Asteraceae,,End,,0,0,0,0,1,0,0,1,,
Gonospermum_revolutum,Asteraceae,,End,,0,0,0,1,0,0,0,1,,
Greenovia_aizoon,Crassulaceae,,End,,0,0,0,1,0,0,0,1,,
Greenovia_aurea,Crassulaceae,,End,,1,1,1,1,1,0,0,5,,
Greenovia_diplocycla,Crassulaceae,,End,,1,1,1,0,0,0,0,3,,
Greenovia_dodrentalis,Crassulaceae,,End,,0,0,0,1,0,0,0,1,,
Habenaria_tridactylites,Orchidaceae,,End,,1,1,1,1,1,0,1,6,,
Hainardia_cylindrica,Poaceae,,NO,,0,1,0,1,1,0,1,4,,
Heberdenia_excelsa,Myrsinaceae,,NS,,1,1,1,1,1,1,0,6,,
Hedera_canariensis,Araliaceae,,NS,,1,1,1,1,1,0,0,5,,
Helianthemum_aganae,Cistaceae,,End,,0,0,1,0,0,0,0,1,,
Helianthemum_aguloi,Cistaceae,,End,,0,0,1,0,0,0,0,1,,
Helianthemum_broussonetii,Cistaceae,,End,,0,1,0,1,0,0,0,2,,
Helianthemum_bystropogophyllum,Cistaceae,,End,,0,0,0,0,1,0,0,1,,
Helianthemum_gonzalezferreri,Cistaceae,,End,,0,0,0,0,0,0,1,1,,
Helianthemum_inaguae,Cistaceae,,End,,0,0,0,0,1,0,0,1,,
Helianthemum_juliae,Cistaceae,,End,,0,0,0,1,0,0,0,1,,
Helianthemum_teneriffae,Cistaceae,,End,,0,0,0,1,0,0,0,1,,
Helianthemum_tholiforme,Cistaceae,,End,,0,0,0,0,1,0,0,1,,
Helianthemum_villosum,Cistaceae,,NO,,0,0,0,0,0,1,0,1,,
Heliotropium_europaeum,Boraginaceae,,NO,,0,1,0,1,1,1,1,5,,
Heliotropium_supinum,Boraginaceae,,NO,,0,0,0,0,0,1,0,1,,
Heteropogon_contortus,Poaceae,,NO,,0,0,1,0,1,0,0,2,,
Himantoglossum_metlesicsianum,Orchidaceae,,End,,0,0,0,1,0,0,0,1,,
Hippocrepis_constricta,Fabaceae,,NO,,1,0,0,0,1,0,0,2,,
Holcus_mollis,Poaceae,,NS,,1,0,0,0,0,0,0,1,,
Hordeum_marinum,Poaceae,,NO,,0,0,0,1,1,1,1,4,,
Hypericum_canariense,Hypericaceae,,NS,,1,1,1,1,1,0,0,5,,
Hypericum_coadunatum,Hypericaceae,,End,,0,0,0,0,1,0,0,1,,
Hypericum_humifusum,Hypericaceae,,NO,,0,1,0,0,0,0,0,1,,
Hypericum_perfoliatum,Hypericaceae,,NO,,0,0,0,0,1,0,0,1,,
Hypericum_perforatum,Hypericaceae,,NO,,0,1,0,1,0,0,0,2,,
Hypochaeris_achyrophorus,Asteraceae,,NO,,0,0,0,1,0,0,1,2,,
Hypochaeris_glabra,Asteraceae,,NO,,1,1,1,1,1,1,1,7,,
Hypochaeris_radicata,Asteraceae,,NO,,1,0,1,1,0,1,0,4,,
Ifloga_spicata,Asteraceae,,NO,,1,0,1,1,1,1,1,6,,
Ilex_perado,Aquifoliaceae,,NS,,0,1,1,1,0,0,0,3,,
Illecebrum_verticillatum,Caryophyllaceae,,NO,,0,0,0,1,1,0,0,2,,
Ipomoea_arenaria,Convolvulaceae,,NO,,,,,,,,,0,,
Isoplexis_chalcantha,Scrophulariaceae,,End,,0,0,0,0,1,0,0,1,,
Isoplexis_isabelliana,Scrophulariaceae,,End,,0,0,0,0,1,0,0,1,,
Ixanthus_viscosus,Gentianaceae,,End,,1,1,1,1,1,0,0,5,,
Juncus_articulatus,Juncaceae,,NO,,0,0,0,0,1,0,0,1,,
Juncus_bufonius,Juncaceae,,NO,,1,1,1,1,1,0,0,5,,
Juncus_capitatus,Juncaceae,,NO,,1,1,1,1,1,0,0,5,,
Juncus_effusus,Juncaceae,,NO,,0,1,1,1,1,0,0,4,,
Juncus_inflexus,Juncaceae,,NO,,0,0,0,0,1,0,0,1,,
Juncus_maritimus,Juncaceae,,NO,,0,1,1,0,1,0,1,4,,
Juncus_striatus,Juncaceae,,NO,,0,0,0,0,1,0,0,1,,
Kickxia_elatine,Scrophulariaceae,,NO,,0,1,0,1,1,0,0,3,,
Kunkeliella_canariensis,Santalaceae,,End,,0,0,0,0,1,0,0,1,,
Kunkeliella_retamoides,Santalaceae,,End,,0,0,0,1,0,0,0,1,,
Lactuca_palmensis,Asteraceae,,End,,0,1,0,0,0,0,0,1,,
Lactuca_viminea,Asteraceae,,NO,,0,1,0,0,1,0,0,2,,
Lactucosonchus_beltraniae,Asteraceae,,End,,0,1,0,0,0,0,0,1,,
Lactucosonchus_webbii,Asteraceae,,End,,0,1,0,0,0,0,0,1,,
Lagurus_ovatus,Poaceae,,NO,,1,0,1,1,1,0,0,4,,
Laphangium_teydeum,Asteraceae,,End,,0,0,0,1,0,0,0,1,,
Lapsana_communis,Asteraceae,,NO,,0,1,0,1,0,0,0,2,,
Lathyrus_angulatus,Fabaceae,,NO,,1,1,0,1,1,0,0,4,,
Lathyrus_sphaericus,Fabaceae,,NO,,1,1,1,1,1,0,0,5,,
Laurus_novocanariensis,Lauraceae,,NS,,1,1,1,1,1,1,0,6,,
Lavandula_minutolii,Lamiaceae,,End,,0,0,0,1,1,0,0,2,,
Lavatera_brachyfolia,Malvaceae,,NO,,,,,,,,,0,,
Legousia_falcata,Campanulaceae,,NO,,1,1,1,1,1,0,0,5,,
Legousia_hybrida,Campanulaceae,,NO,,0,0,0,1,1,0,1,3,,
Lemna_gibba,Lemnaceae,,NO,,1,1,1,1,1,0,0,5,,
Lemna_minor,Lemnaceae,,NO,,0,0,1,1,1,1,1,5,,
Limonium_bourgeaui,Plumbaginaceae,,End,,0,0,0,0,0,1,1,2,,
Limonium_brassicifolium,Plumbaginaceae,,End,,1,0,1,0,0,0,0,2,,
Limonium_dendroides,Plumbaginaceae,,End,,0,0,1,0,0,0,0,1,,
Limonium_macrophyllum,Plumbaginaceae,,End,,0,0,0,1,0,0,0,1,,
Limonium_redivivum,Plumbaginaceae,,End,,0,0,1,0,0,0,0,1,,
Teline_salsoloides,Fabaceae,1,End,presence,0,0,0,1,0,0,0,1,UNS,
Limonium_thouinii,Plumbaginaceae,,NO,,0,0,0,1,0,1,0,2,,
Limonium_vigaroense,Plumbaginaceae,,End,,0,0,0,0,1,0,0,1,,
Linaria_arvensis,Scrophulariaceae,,NO,,0,0,0,0,1,1,0,2,,
Linaria_micrantha,Scrophulariaceae,,NO,,0,0,1,1,0,1,1,4,,
Linaria_simplex,Scrophulariaceae,,NO,,0,0,0,1,1,0,0,2,,
Linaria_spartea,Scrophulariaceae,,NO,,1,0,0,1,0,0,0,2,,
Linum_strictum,Linaceae,,NP,,1,1,1,1,1,1,1,7,,
Linum_trigynum,Linaceae,,NO,,,,,,,,,0,,
Logfia_arvensis,Asteraceae,,NO,,0,0,0,0,1,0,0,1,,
Logfia_minima,Asteraceae,,NO,,1,0,0,1,0,0,0,2,,
Lolium_lowei,Poaceae,,NS,,0,0,0,1,1,0,0,2,,
Lolium_remotum,Poaceae,,NO,,1,1,0,1,1,0,0,4,,
Lolium_saxatile,Poaceae,,NS,,0,0,0,0,0,1,1,2,,
Lolium_subulatum,Poaceae,,NO,,0,0,0,0,1,0,0,1,,
Lolium_temulentum,Poaceae,,NO,,1,0,0,1,1,1,0,4,,
Lotus_berthelotii,Fabaceae,,End,,0,0,0,1,0,0,0,1,,
Lotus_campylocladus,Fabaceae,,End,,1,1,0,1,0,0,0,3,,
Lotus_creticus,Fabaceae,,NO,,0,0,1,0,0,0,0,1,,
Lotus_dumetorum,Fabaceae,,End,,0,0,0,1,0,0,0,1,,
Lotus_parviflorus,Fabaceae,,NO,,0,0,0,0,1,1,0,2,,
Lotus_pyranthus,Fabaceae,,End,,0,1,0,0,0,0,0,1,,
Lotus_spartioides,Fabaceae,,End,,0,0,0,0,1,0,0,1,,
Lupinus_pilosus,Fabaceae,,NO,,0,1,0,1,0,0,0,2,,
Luzula_pilosa,Juncaceae,,NO,,0,0,0,1,0,0,0,1,,
Malcolmia_littorea,Brassicaceae,,NO,,0,0,0,0,0,1,1,2,,
Alyssum_minus,Brassicaceae,1,NO,presence,0,0,0,1,1,0,0,2,,
Malva_neglecta,Malvaceae,,NO,,1,0,0,1,1,1,1,5,,
Malva_nicaeensis,Malvaceae,,NO,,0,0,1,1,1,1,1,5,,
Malva_parviflora,Malvaceae,,NO,,1,1,1,1,1,1,1,7,,
Malva_pusilla,Malvaceae,,NO,,1,0,0,1,0,0,0,2,,
Marcetella_moquiniana,Rosaceae,,End,,0,0,1,1,1,0,0,3,,
Erodium_laciniatum,Geraniaceae,1,NO,presence,1,0,1,1,1,1,1,6,,
Matthiola_livida,Brassicaceae,,NO,,0,0,0,1,1,0,0,2,,
Maytenus_senegalensis,Celastraceae,,NP,,0,0,0,0,0,1,1,2,,
Limonium_sinuatum,Plumbaginaceae,1,NO,presence,0,0,0,1,1,1,1,4,,
Medicago_minima,Fabaceae,,NP,,1,1,1,1,1,1,1,7,,
Medicago_soleirolii,Fabaceae,,NO,,0,0,0,0,1,0,1,2,,
Medicago_truncatula,Fabaceae,,NO,,1,1,1,1,1,0,1,6,,
Micromeria_benthamii,Lamiaceae,,End,,0,0,0,0,1,0,0,1,,
Micromeria_glomerata,Lamiaceae,,End,,0,0,0,1,0,0,0,1,,
Micromeria_helianthemifolia,Lamiaceae,,End,,0,0,0,0,1,0,0,1,,
Micromeria_herpyllomorpha,Lamiaceae,,End,,0,1,0,0,0,0,0,1,,
Micromeria_lachnophylla,Lamiaceae,,End,,0,0,0,1,0,0,0,1,,
Micromeria_lanata,Lamiaceae,,End,,0,0,0,0,1,0,0,1,,
Micromeria_lasiophylla,Lamiaceae,,End,,0,1,0,1,0,0,0,2,,
Micromeria_pineolens,Lamiaceae,,End,,0,0,0,0,1,0,0,1,,
Micromeria_rivas-martinezii,Lamiaceae,,End,,0,0,0,1,0,0,0,1,,
Minuartia_platyphylla,Caryophyllaceae,,End,,0,0,0,0,0,1,1,2,,
Misopates_calycinum,Scrophulariaceae,,NO,,0,0,0,0,0,0,1,1,,
Monanthes_anagensis,Crassulaceae,,End,,0,0,0,1,0,0,0,1,,
Monanthes_brachycaulos,Crassulaceae,,End,,0,0,0,1,1,0,0,2,,
Monanthes_minima,Crassulaceae,,End,,0,0,0,1,0,0,0,1,,
Monanthes_polyphylla,Crassulaceae,,End,,0,1,1,1,1,0,0,4,,
Monanthes_wildpretii,Crassulaceae,,End,,0,0,0,1,0,0,0,1,,
Morella_rivas-martinezii,Myricaceae,,End,,1,1,1,0,0,0,0,3,,
Myosotis_discolor,Boraginaceae,,NO,,1,1,1,1,1,0,0,5,,
Myosotis_latifolia,Boraginaceae,,NO,,1,1,1,1,1,0,0,5,,
Myosotis_ramosissima,Boraginaceae,,NO,,1,1,0,1,1,0,0,4,,
Navaea_phoenicea,Malvaceae,,End,,0,0,0,1,0,0,0,1,,
Neotinea_maculata,Orchidaceae,,NP,,1,1,1,1,1,0,0,5,,
Nepeta_teydea,Lamiaceae,,End,,0,1,0,1,0,0,0,2,,
Normania_nava,Solanaceae,,End,,0,0,0,1,1,0,0,2,,
Ochlopoa_infirma,Poaceae,,NO,,0,1,0,1,1,1,1,5,,
Ocotea_foetens,Lauraceae,,NS,,1,1,1,1,1,0,0,5,,
Oenothera_indecora,Onagraceae,,NO,,0,1,0,0,0,0,0,1,,
Olea_cerasiformis,Oleaceae,,End,,1,1,1,1,1,1,1,7,,
Olea_europaea,Oleaceae,,NO,,1,1,1,1,1,0,0,5,,
Ononis_christii,Fabaceae,,End,,0,0,0,0,0,1,0,1,,
Ononis_dentata,Fabaceae,,NP,,1,1,1,1,1,0,1,6,,
Ononis_mitissima,Fabaceae,,NO,,1,1,1,1,1,0,0,5,,
Ononis_serrata,Fabaceae,,NO,,1,1,1,1,1,1,1,7,,
Ononis_variegata,Fabaceae,,NO,,0,0,0,0,1,0,0,1,,
Ononis_viscosa,Fabaceae,,NO,,1,0,0,0,0,0,0,1,,
Onopordon_carduelium,Asteraceae,,End,,0,0,0,0,1,0,0,1,,
Orchis_canariensis,Orchidaceae,,End,,1,1,1,1,1,0,0,5,,
Orchis_mascula,Orchidaceae,,NO,,0,1,0,0,0,0,0,1,,
Orobanche_berthelotii,Orobanchaceae,,End,,0,0,0,1,0,0,0,1,,
Orobanche_crenata,Orobanchaceae,,NO,,1,0,0,1,1,0,1,4,,
Orobanche_hederae,Orobanchaceae,,NP,,0,1,0,1,0,0,0,2,,
Orobanche_loricata,Orobanchaceae,,NO,,0,0,0,0,0,0,0,0,,
Pallenis_maritima,Asteraceae,,NO,,0,0,0,0,0,0,1,1,,
Panicum_repens,Poaceae,,NO,,0,0,1,1,1,0,1,4,,
Papaver_argemone,Papaveraceae,,NO,,0,0,0,0,0,1,1,2,,
Papaver_dubium,Papaveraceae,,NO,,1,1,1,1,1,1,1,7,,
Papaver_hybridum,Papaveraceae,,NO,,1,0,1,1,1,1,1,6,,
Papaver_pinnatifidum,Papaveraceae,,NO,,1,1,1,1,1,1,1,7,,
Papaver_rhoeas,Papaveraceae,,NO,,1,1,1,1,1,1,1,7,,
Papaver_somniferum,Papaveraceae,,NO,,1,1,1,1,1,1,1,7,,
Parapholis_incurva,Poaceae,,NO,,0,0,0,0,0,1,1,2,,
Parapholis_pycnantha,Poaceae,,NO,,0,0,0,0,1,1,0,2,,
Parentucellia_viscosa,Scrophulariaceae,,NO,,1,1,1,1,1,0,0,5,,
Paronychia_argentea,Caryophyllaceae,,NO,,1,0,0,0,1,0,0,2,,
Paronychia_echinulata,Caryophyllaceae,,NO,,0,1,0,0,1,0,0,2,,
Pericallis_appendiculata,Asteraceae,,End,,1,1,1,1,1,0,0,5,,
Pericallis_cruenta,Asteraceae,,End,,1,0,1,1,1,0,0,4,,
Pericallis_hadrosoma,Asteraceae,,End,,0,0,0,0,1,0,0,1,,
Pericallis_hansenii,Asteraceae,,End,,0,0,1,0,0,0,0,1,,
Pericallis_multiflora,Asteraceae,,End,,0,0,0,1,0,0,0,1,,
Pericallis_murrayi,Asteraceae,,End,,1,0,0,0,0,0,0,1,,
Pericallis_tussilaginis,Asteraceae,,End,,0,0,0,1,1,0,0,2,,
Pericallis_webbii,Asteraceae,,End,,0,0,0,0,1,0,0,1,,
Petrorhagia_nanteuilii,Caryophyllaceae,,NO,,1,1,1,1,1,0,1,6,,
Petrorhagia_velutina,Caryophyllaceae,,NO,,0,0,0,0,1,0,0,1,,
Phagnalon_metlesicsii,Asteraceae,,NO,,0,0,0,0,0,0,1,1,,
Phalaris_aquatica,Poaceae,,NP,,1,1,0,1,1,0,0,4,,
Pharbitis_preauxii,Convolvulaceae,,NO,,0,0,0,0,1,0,0,1,,
Phelipanche_purpurea,Orobanchaceae,,NO,,1,1,1,1,1,0,1,6,,
Phillyrea_angustifolia,Oleaceae,,NS,,0,0,0,0,1,1,1,3,,
Picconia_excelsa,Oleaceae,,NS,,1,1,1,1,1,1,0,6,,
Picris_hieracioides,Asteraceae,,NO,,,,,,,,,0,,
Pimpinella_rupicola,Apiaceae,,End,,0,0,0,1,0,0,0,1,,
Piptatherum_coerulescens,Poaceae,,NO,,0,0,1,1,1,0,1,4,,
Pistacia_lentiscus,Anacardiaceae,,NS,,0,0,1,1,1,1,1,5,,
Plantago_afra,Plantaginaceae,,NO,,1,1,1,1,1,1,1,7,,
Plantago_amplexicaulis,Plantaginaceae,,NO,,1,1,1,1,1,1,1,7,,
Plantago_ciliata,Plantaginaceae,,NO,,0,0,0,0,1,1,0,2,,
Plantago_lanceolata,Plantaginaceae,,NO,,1,0,0,1,1,0,0,3,,
Plantago_phaeostoma,Plantaginaceae,,NO,,0,0,0,0,0,1,1,2,,
Platycapnos_spicata,Fumariaceae,,NO,,0,0,0,1,0,1,0,2,,
Pleiomeris_canariensis,Myrsinaceae,,End,,0,1,1,1,1,0,0,4,,
Poa_angustifolia,Poaceae,,NO,,0,1,1,1,0,0,0,3,,
Poa_leptoclada,Poaceae,,NP,,0,1,0,1,0,0,0,2,,
Poa_pitardiana,Poaceae,,End,,0,0,1,1,1,0,0,3,,
Poa_pratensis,Poaceae,,NO,,0,0,0,1,1,0,0,2,,
Poa_trivialis,Poaceae,,NO,,0,0,0,1,0,0,1,2,,
Polycarpaea_tenuis,Caryophyllaceae,,End,,0,1,0,1,0,0,0,2,,
Matthiola_fruticulosa,Brassicaceae,1,NO,presence,0,0,0,1,1,1,1,4,,
Polygonum_equisetiforme,Polygonaceae,,NO,,0,0,0,0,1,0,0,1,,
Polygonum_persicaria,Polygonaceae,,NO,,0,1,0,1,1,0,0,3,,
Polygonum_salicifolium,Polygonaceae,,NO,,0,0,1,1,1,0,0,3,,
Polypogon_fugax,Poaceae,,NO,,1,1,1,1,1,1,1,7,,
Polypogon_maritimus,Poaceae,,NO,,0,0,0,1,1,1,1,4,,
Polypogon_monspeliensis,Poaceae,,NO,,1,1,1,1,1,1,1,7,,
Polypogon_viridis,Poaceae,,NO,,1,1,1,1,1,1,1,7,,
Prunus_lusitanica,Rosaceae,,NS,,1,1,1,1,1,0,0,5,,
Pterocephalus_dumetorus,Dipsacaceae,,End,,0,1,0,1,1,0,0,3,,
Pterocephalus_lasiospermus,Dipsacaceae,,End,,0,0,0,1,0,0,0,1,,
Pterocephalus_porphyranthus,Dipsacaceae,,End,,0,1,0,0,0,0,0,1,,
Pterocephalus_virens,Dipsacaceae,,End,,0,0,0,1,0,0,0,1,,
Puccinellia_maritima,Poaceae,,NO,,0,0,0,1,0,0,0,1,,
Pulicaria_arabica,Asteraceae,,NO,,0,0,0,1,0,0,0,1,,
Pulicaria_odora,Asteraceae,,NO,,0,0,0,0,1,0,0,1,,
Medicago_italica,Fabaceae,1,NO,presence,1,0,1,1,1,1,1,6,,
Ranunculus_arvensis,Ranunculaceae,,NP,,0,0,0,0,1,0,0,1,,
Ranunculus_muricatus,Ranunculaceae,,NO,,0,0,0,1,0,0,0,1,,
Ranunculus_ophioglossifolius,Ranunculaceae,,NO,,0,0,0,1,0,0,0,1,,
Ranunculus_parviflorus,Ranunculaceae,,NO,,1,1,1,1,1,0,0,5,,
Ranunculus_peltatus,Ranunculaceae,,NO,,0,0,0,1,0,0,0,1,,
Ranunculus_repens,Ranunculaceae,,NO,,0,0,0,1,0,0,0,1,,
Ranunculus_sardous,Ranunculaceae,,NO,,0,0,0,1,1,0,0,2,,
Ranunculus_trilobus,Ranunculaceae,,NO,,1,1,1,1,1,0,0,5,,
Rapistrum_rugosum,Brassicaceae,,NO,,1,1,1,1,1,1,1,7,,
Reseda_lutea,Resedaceae,,NO,,0,0,0,0,0,1,0,1,,
Rhagadiolus_arenarius,Asteraceae,,NO,,0,1,0,1,0,0,1,3,,
Rhagadiolus_stellatus,Asteraceae,,NO,,0,0,1,1,1,1,1,5,,
Rhamnus_integrifolia,Rhamnaceae,,End,,0,0,0,1,0,0,0,1,,
Rhus_albida,Anacardiaceae,,NO,,0,0,0,0,0,1,0,1,,
Rosa_canina,Rosaceae,,NP,,0,1,1,1,1,0,0,4,,
Rostraria_cristata,Poaceae,,NP,,1,1,1,1,1,1,1,7,,
Rubus_palmensis,Rosaceae,,End,,0,1,0,1,1,0,0,3,,
Rumex_maderensis,Polygonaceae,,NS,,1,1,1,1,1,0,0,5,,
Ruta_microcarpa,Rutaceae,,End,,0,0,1,0,0,0,0,1,,
Ruta_pinnata,Rutaceae,,End,,0,1,0,1,0,0,0,2,,
Sagina_procumbens,Caryophyllaceae,,NP,,1,1,0,1,1,0,0,4,,
Salix_canariensis,Salicaceae,,NS,,1,1,1,1,1,0,0,5,,
Pulicaria_undulata,Asteraceae,1,NO,presence,0,0,0,0,1,0,0,1,,
Scandix_pecten-veneris,Apiaceae,,NO,,1,1,1,1,1,1,1,7,,
Schedonorus_arundinaceus,Poaceae,,NO,,0,1,0,1,0,1,0,3,,
Schismus_arabicus,Poaceae,,NO,,0,0,0,1,1,0,1,3,,
Schismus_barbatus,Poaceae,,NO,,1,1,1,1,1,1,1,7,,
Scirpus_cernuus,Cyperaceae,,NO,,0,1,0,0,1,0,1,3,,
Scirpus_maritimus,Cyperaceae,,NO,,0,0,0,1,0,1,0,2,,
Scirpus_supinus,Cyperaceae,,NO,,0,0,0,0,1,0,0,1,,
Scirpus_triqueter,Cyperaceae,,NO,,,,,,,,,0,,
Scleranthus_annuus,Caryophyllaceae,,NO,,0,0,0,1,1,0,0,2,,
Scolymus_grandiflorus,Asteraceae,,NO,,1,0,0,1,0,0,0,2,,
Scolymus_hispanicus,Asteraceae,,NO,,1,0,1,1,1,0,0,4,,
Scolymus_maculatus,Asteraceae,,NO,,1,1,1,1,1,1,1,7,,
Scorzoneroides_palisiae,Asteraceae,,NO,,0,0,0,1,0,0,0,1,,
Scrophularia_calliantha,Scrophulariaceae,,End,,0,0,0,0,1,0,0,1,,
Sedum_nudum,Crassulaceae,,NS,,0,0,0,0,0,0,1,1,,
Sedum_rubens,Crassulaceae,,NO,,1,1,1,1,1,0,1,6,,
Semele_gayae,Convallariaceae,,End,,0,0,0,0,1,0,0,1,,
Senecio_hermosae,Asteraceae,,End,,0,0,1,0,0,0,0,1,,
Senecio_palmensis,Asteraceae,,End,,0,1,0,1,0,0,0,2,,
Senecio_teneriffae,Asteraceae,,NS,,1,1,1,1,1,0,0,5,,
Senecio_vulgaris,Asteraceae,,NO,,1,1,1,1,1,1,1,7,,
Serapias_mascaensis,Orchidaceae,,End,,0,0,0,1,0,0,0,1,,
Serapias_parviflora,Orchidaceae,,NP,,1,1,0,1,1,0,1,5,,
Sesleria_albicans,Poaceae,,NO,,0,1,0,0,0,0,0,1,,
Sherardia_arvensis,Rubiaceae,,NO,,1,1,1,1,1,1,1,7,,
Sideritis_dasygnaphala,Lamiaceae,,End,,0,0,0,0,1,0,0,1,,
Sideritis_discolor,Lamiaceae,,End,,0,0,0,0,1,0,0,1,,
Sideritis_eriocephala,Lamiaceae,,End,,0,0,0,1,0,0,0,1,,
Sideritis_ferrensis,Lamiaceae,,End,,1,0,0,0,0,0,0,1,,
Sideritis_guayedrae,Lamiaceae,,End,,0,0,0,0,1,0,0,1,,
Sideritis_infernalis,Lamiaceae,,End,,0,0,0,1,0,0,0,1,,
Sideritis_macrostachys,Lamiaceae,,End,,0,0,0,1,0,0,0,1,,
Sideritis_marmorea,Lamiaceae,,End,,0,0,1,0,0,0,0,1,,
Sideritis_nutans,Lamiaceae,,End,,0,0,1,0,0,0,0,1,,
Sideritis_oroteneriffae,Lamiaceae,,End,,0,0,0,1,0,0,0,1,,
Sideritis_soluta,Lamiaceae,,End,,0,0,0,1,0,0,0,1,,
Sideritis_sventenii,Lamiaceae,,End,,0,0,0,0,1,0,0,1,,
Sideroxylon_canariensis,Sapotaceae,,End,,1,1,1,1,1,1,0,6,,
Silene_apetala,Caryophyllaceae,,NO,,1,1,1,1,1,1,1,7,,
Silene_bellidifolia,Caryophyllaceae,,NO,,,,,,,,,0,,
Silene_canariensis,Caryophyllaceae,,End,,0,0,0,0,1,0,0,1,,
Silene_coelirosa,Caryophyllaceae,,NO,,0,0,0,1,0,0,0,1,,
Silene_colorata,Caryophyllaceae,,NO,,0,0,0,0,0,1,1,2,,
Silene_conica,Caryophyllaceae,,NO,,0,0,0,0,1,0,0,1,,
Silene_conoidea,Caryophyllaceae,,NO,,0,0,0,1,0,0,0,1,,
Silene_cretica,Caryophyllaceae,,NO,,0,0,1,0,0,0,0,1,,
Silene_gallica,Caryophyllaceae,,NO,,1,1,1,1,1,1,1,7,,
Silene_gracilis,Caryophyllaceae,1,NO,presence,0,0,0,0,0,1,1,2,,
Silene_inaperta,Caryophyllaceae,,NO,,0,0,0,1,1,0,0,2,,
Silene_muscipula,Caryophyllaceae,,NO,,0,0,0,0,0,1,0,1,,
Silene_nocteolens,Caryophyllaceae,,End,,0,0,0,1,0,0,0,1,,
Silene_nocturna,Caryophyllaceae,,NO,,0,0,1,1,1,1,1,5,,
Silene_nutans,Caryophyllaceae,,NP,,1,1,1,1,0,0,0,4,,
Silene_obtusifolia,Caryophyllaceae,,NO,,,,,,,,,0,,
Silene_pogonocalyx,Caryophyllaceae,,End,,1,1,0,0,0,0,0,2,,
Silene_rubella,Caryophyllaceae,,NO,,0,0,0,0,0,0,1,1,,
Silene_sabinosae,Caryophyllaceae,,End,,1,0,0,0,0,0,0,1,,
Silene_tamaranae,Caryophyllaceae,,End,,0,0,0,0,1,0,0,1,,
Silene_tridentata,Caryophyllaceae,,NO,,0,0,1,1,1,1,1,5,,
Silybum_marianum,Asteraceae,,NO,,1,1,1,1,1,1,1,7,,
Sinapis_alba,Brassicaceae,,NO,,1,1,1,1,1,1,1,7,,
Sinapis_arvensis,Brassicaceae,,NO,,1,1,1,1,1,1,1,7,,
Sinapis_flexuosa,Brassicaceae,,NO,,0,0,1,1,0,0,0,2,,
Sinapis_pubescens,Brassicaceae,,NO,,0,1,0,0,0,0,0,1,,
Sisymbrium_erysimoides,Brassicaceae,,NO,,1,1,1,1,1,1,1,7,,
Sisymbrium_irio,Brassicaceae,,NO,,1,1,1,1,1,1,1,7,,
Sisymbrium_officinale,Brassicaceae,,NO,,1,1,1,1,1,1,1,7,,
Smilax_canariensis,Smilacaceae,,NS,,0,1,1,1,1,1,0,5,,
Solanum_luteum,Solanaceae,,NO,,1,1,1,1,1,1,0,6,,
Solanum_nigrum,Solanaceae,,NO,,1,1,1,1,1,1,1,7,,
Solanum_vespertilio,Solanaceae,,End,,0,0,0,1,1,0,0,2,,
Solanum_virgatum,Solanaceae,,NO,,,,,,,,,0,,
Solenopsis_laurentia,Lobeliaceae,,NO,,0,0,0,1,1,0,0,2,,
Sonchus_gandogeri,Asteraceae,,End,,1,0,0,0,0,0,0,1,,
Sonchus_gummifer,Asteraceae,,End,,0,0,0,1,0,0,0,1,,
Sonchus_oleraceus,Asteraceae,,NO,,1,1,1,1,1,1,1,7,,
Sonchus_ortunoi,Asteraceae,,End,,0,0,1,0,0,0,0,1,,
Sonchus_palmensis,Asteraceae,,End,,0,1,0,0,0,0,0,1,,
Sonchus_wildpretii,Asteraceae,,End,,0,0,1,0,0,0,0,1,,
Sorbus_aria,Rosaceae,,NP,,0,1,0,1,0,0,0,2,,
Spartocytisus_filipes,Fabaceae,,End,,1,1,1,1,0,0,0,4,,
Spergula_arvensis,Caryophyllaceae,,NO,,1,1,1,1,1,1,1,7,,
Spergula_pentandra,Caryophyllaceae,,NO,,1,1,0,1,1,0,0,4,,
Spergularia_diandra,Caryophyllaceae,,NO,,0,0,0,0,1,1,1,3,,
Spergularia_marina,Caryophyllaceae,,NO,,0,0,0,1,1,1,1,4,,
Sphenopus_divaricatus,Poaceae,,NO,,0,0,0,0,0,1,0,1,,
Stachys_arvensis,Lamiaceae,,NO,,1,1,1,1,1,1,1,7,,
Stachys_germanica,Lamiaceae,,NS,,0,0,0,1,0,0,0,1,,
Stachys_ocymastrum,Lamiaceae,,NO,,1,1,1,1,1,1,1,7,,
Stemmacantha_cynaroides,Asteraceae,,End,,0,0,0,1,0,0,0,1,,
Stipagrostis_ciliata,Poaceae,,NO,,0,1,0,0,1,1,0,3,,
Succowia_balearica,Brassicaceae,,NO,,0,0,0,0,0,0,0,0,,
Sventenia_bupleuroides,Asteraceae,,End,,0,0,0,0,1,0,0,1,,
Taeniatherum_caput-medusae,Poaceae,,NO,,0,0,0,1,0,0,0,1,,
Tamus_edulis,Dioscoreaceae,,NS,,1,1,1,1,1,0,0,5,,
Teline_canariensis,Fabaceae,,End,,0,0,0,1,1,0,0,2,,
Teline_microphylla,Fabaceae,,End,,0,0,0,0,1,0,0,1,,
Teline_nervosa,Fabaceae,,End,,0,0,0,0,1,0,0,1,,
Teline_osyrioides,Fabaceae,,End,,0,0,0,1,0,0,0,1,,
Teline_rosmarinifolia,Fabaceae,,End,,0,0,0,0,1,0,0,1,,
Teline_splendens,Fabaceae,,End,,0,1,0,0,0,0,0,1,,
Teline_stenopetala,Fabaceae,,NS,,1,1,1,1,1,0,0,5,,
Thlaspi_arvense,Brassicaceae,,NO,,0,0,0,1,0,0,0,1,,
Thymus_origanoides,Lamiaceae,,End,,0,0,0,0,0,0,1,1,,
Tolpis_calderae,Asteraceae,,End,,0,1,0,0,0,0,0,1,,
Tolpis_coronopifolia,Asteraceae,,NO,,0,1,0,1,1,0,0,3,,
Tolpis_glabrescens,Asteraceae,,End,,0,0,0,1,0,0,0,1,,
Tolpis_laciniata,Asteraceae,,End,,1,1,1,1,0,0,0,4,,
Tolpis_lagopoda,Asteraceae,,End,,0,1,0,1,1,0,0,3,,
Tolpis_proustii,Asteraceae,,End,,1,0,1,0,0,0,0,2,,
Tolpis_webbii,Asteraceae,,End,,0,0,0,1,0,0,0,1,,
Torilis_elongata,Apiaceae,,NO,,1,1,1,1,1,1,1,7,,
Torilis_leptophylla,Apiaceae,,NO,,1,1,1,1,0,1,1,6,,
Torilis_nodosa,Apiaceae,,NO,,1,1,1,1,1,1,1,7,,
Torilis_webbii,Apiaceae,,NO,,0,0,0,1,0,1,1,3,,
Trachynia_distachya,Poaceae,,NO,,1,1,1,1,1,1,1,7,,
Tragopogon_porrifolius,Asteraceae,,NO,,0,0,1,1,1,0,0,3,,
Trifolium_angustifolium,Fabaceae,,NP,,1,1,1,1,1,1,1,7,,
Trifolium_bocconei,Fabaceae,,NO,,1,1,1,1,0,0,0,4,,
Trifolium_cherleri,Fabaceae,,NO,,1,1,1,1,1,0,0,5,,
Trifolium_dubium,Fabaceae,,NO,,1,1,1,1,1,1,0,6,,
Trifolium_fragiferum,Fabaceae,,NO,,0,0,0,1,1,0,0,2,,
Trifolium_glomeratum,Fabaceae,,NP,,1,1,1,1,1,1,1,7,,
Trifolium_lappaceum,Fabaceae,,NO,,0,0,1,1,0,0,1,3,,
Trifolium_ligusticum,Fabaceae,,NO,,1,1,1,1,1,0,0,5,,
Trifolium_micranthum,Fabaceae,,NO,,0,1,0,0,0,0,0,1,,
Trifolium_resupinatum,Fabaceae,,NO,,0,0,1,1,1,0,0,3,,
Trifolium_scabrum,Fabaceae,,NP,,1,1,1,1,1,1,1,7,,
Trifolium_spumosum,Fabaceae,,NO,,0,0,0,0,1,0,0,1,,
Trifolium_squamosum,Fabaceae,,NO,,0,1,1,0,0,0,0,2,,
Trifolium_squarrosum,Fabaceae,,NO,,0,1,1,1,1,0,0,4,,
Trifolium_stellatum,Fabaceae,,NO,,0,1,1,1,1,1,1,6,,
Trifolium_striatum,Fabaceae,,NP,,1,1,1,1,1,1,0,6,,
Trifolium_subterraneum,Fabaceae,,NO,,1,1,1,1,1,0,0,5,,
Trifolium_suffocatum,Fabaceae,,NO,,1,0,0,1,1,0,0,3,,
Trigonella_monspeliaca,Fabaceae,,NO,,0,0,0,0,0,0,1,1,,
Trisetaria_loeflingiana,Poaceae,,NO,,0,1,0,0,0,1,1,3,,
Trisetaria_panicea,Poaceae,,NO,,1,1,1,1,1,1,1,7,,
Trisetum_tamonanteae,Poaceae,,End,,0,0,0,0,0,1,0,1,,
Tuberaria_guttata,Cistaceae,,NP,,1,1,1,1,1,1,1,7,,
Tuberaria_lignosa,Cistaceae,,NO,,0,1,0,1,0,0,0,2,,
Typha_domingensis,Typhaceae,,NO,,0,0,1,1,1,1,0,4,,
Umbilicus_gaditanus,Crassulaceae,,NP,,1,1,1,1,1,1,1,7,,
Umbilicus_heylandianus,Crassulaceae,,NP,,0,1,0,0,1,0,0,2,,
Urtica_morifolia,Urticaceae,,NS,,1,1,1,1,1,0,0,5,,
Valantia_hispida,Rubiaceae,,NO,,1,1,1,1,1,1,1,7,,
Veronica_arvensis,Scrophulariaceae,,NO,,1,1,1,1,1,1,1,7,,
Veronica_beccabunga,Scrophulariaceae,,NO,,0,0,0,1,1,0,0,2,,
Veronica_hederifolia,Scrophulariaceae,,NO,,0,0,0,1,1,0,0,2,,
Veronica_serpyllifolia,Scrophulariaceae,,NO,,0,0,0,1,0,0,0,1,,
Vicia_angustifolia,Fabaceae,,NO,,1,1,1,1,1,1,1,7,,
Vicia_disperma,Fabaceae,,NP,,1,1,1,1,1,0,0,5,,
Vicia_lutea,Fabaceae,,NO,,1,1,1,1,1,1,1,7,,
Vicia_monantha,Fabaceae,,NO,,1,1,0,1,1,0,1,5,,
Vicia_parviflora,Fabaceae,,NO,,1,1,1,1,1,1,1,7,,
Vicia_pubescens,Fabaceae,,NO,,1,1,1,1,1,1,0,6,,
Vicia_sativa,Fabaceae,,NO,,1,0,1,0,0,0,1,3,,
Vicia_scandens,Fabaceae,,End,,0,0,0,1,0,0,0,1,,
Viola_anagae,Violaceae,,End,,0,0,0,1,0,0,0,1,,
Viola_arvensis,Violaceae,,NO,,0,1,1,1,0,0,0,3,,
Viola_cheiranthifolia,Violaceae,,End,,0,0,0,1,0,0,0,1,,
Viola_kitaibeliana,Violaceae,,NS,,0,0,0,1,0,0,0,1,,
Viola_odorata,Violaceae,,NS,,0,1,1,1,1,0,0,4,,
Viola_palmensis,Violaceae,,End,,0,1,0,0,0,0,0,1,,
Viola_riviniana,Violaceae,,NP,,1,1,1,1,0,0,0,4,,
Volutaria_tubuliflora,Asteraceae,,NO,,1,0,0,1,0,0,1,3,,
Vulpia_alopecuros,Poaceae,,NO,,0,0,0,1,1,0,0,2,,
Vulpia_bromoides,Poaceae,,NO,,1,1,1,1,1,1,0,6,,
Vulpia_ciliata,Poaceae,,NO,,1,0,0,1,0,0,1,3,,
Vulpia_geniculata,Poaceae,,NO,,0,0,0,0,1,0,0,1,,
Vulpia_membranacea,Poaceae,,NO,,1,0,0,0,1,0,0,2,,
Vulpia_myuros,Poaceae,,NP,,1,1,1,1,1,1,1,7,,
Withania_frutescens,Solanaceae,1,NO,presence,0,0,0,0,1,1,0,2,,
Withania_somnifera,Solanaceae,,NO,,0,1,1,1,1,0,0,4,,
Zannichellia_palustris,Zannichelliaceae,,NO,,0,0,1,1,1,1,0,4,,