"","name_species","Espanola","Fernandina","Floreana","Genovesa","Isabela","Marchena","Pinta","Pinzon","San_Cristobal","Santa_Cruz","Santa_Fe","Santiago"
"1","Abutilon depauperatum",1,1,1,1,1,1,1,1,1,1,1,1
"2","Acacia insulae-iacobi",NA,NA,NA,NA,NA,NA,NA,NA,1,1,NA,1
"3","Acacia macracantha",NA,NA,1,NA,1,NA,NA,1,1,1,NA,1
"4","Acacia rorudiana",1,NA,1,NA,1,NA,NA,1,1,1,NA,1
"5","Acalypha abingdonii",NA,NA,NA,NA,NA,1,1,NA,NA,NA,NA,NA
"6","Acalypha flacida",NA,NA,NA,NA,NA,NA,NA,NA,NA,1,NA,NA
"7","Acalypha wigginsii",NA,NA,NA,NA,1,NA,NA,NA,NA,1,NA,NA
"8","Acalypha parvula",NA,NA,NA,NA,1,NA,NA,NA,NA,1,NA,1
"9","Acalypha aff. sericea",NA,NA,NA,NA,NA,NA,NA,NA,NA,1,NA,NA
"10","Acalypha velutina",NA,NA,NA,NA,NA,NA,NA,NA,NA,1,NA,NA
"11","Acalypha baurii",NA,1,NA,NA,1,NA,1,NA,1,1,NA,1
"12","Acmella darwinii",NA,NA,1,NA,1,NA,1,NA,1,NA,NA,1
"13","Acanthospermum NA",NA,NA,NA,NA,NA,NA,NA,NA,NA,NA,NA,NA
"14","Ageratum conyzoides",NA,NA,1,NA,1,NA,1,NA,1,1,NA,1
"15","Alternanthera rugulosa",NA,NA,NA,NA,NA,NA,NA,NA,1,NA,NA,NA
"16","Alternanthera helleri",NA,NA,NA,NA,NA,NA,NA,NA,NA,NA,NA,NA
"17","Alternanthera nesiotes",NA,NA,1,NA,NA,NA,NA,NA,NA,NA,NA,NA
"18","Alternanthera snodgrassii",NA,NA,NA,NA,NA,NA,NA,NA,NA,1,NA,NA
"19","Alternanthera flavicoma",1,NA,NA,NA,1,NA,NA,NA,1,NA,NA,NA
"20","Alternanthera galapagensis",NA,NA,1,NA,NA,NA,NA,NA,NA,1,NA,1
"21","Alternanthera filifolia",1,1,1,NA,1,NA,1,1,1,1,1,1
"22","Alternanthera vestita",NA,NA,NA,NA,1,NA,NA,NA,NA,1,NA,NA
"23","Alternanthera halimifolia",NA,1,NA,NA,1,NA,1,NA,1,1,NA,1
"24","Alternanthera echinocephala",1,NA,1,NA,1,NA,1,1,1,1,1,1
"25","Amaranthus hybridus",NA,NA,NA,NA,NA,NA,NA,NA,NA,1,NA,NA
"26","Amaranthus anderssonii",1,NA,1,NA,1,NA,NA,1,NA,1,1,1
"27","Amaranthus furcatus",NA,NA,NA,NA,1,NA,NA,NA,NA,1,NA,1
"28","Amaranthus sclerantoides",1,NA,1,1,1,NA,1,1,1,1,1,1
"29","Amaranthus squamulatus",NA,NA,1,1,1,NA,NA,1,NA,1,1,1
"30","Anredera ramosa",NA,1,1,NA,1,NA,NA,1,1,1,NA,NA
"31","Apium NA",NA,NA,NA,NA,NA,NA,NA,NA,NA,NA,NA,NA
"32","Aristida villosa",NA,NA,1,NA,NA,NA,NA,1,NA,1,1,1
"33","Aristida divulsa",NA,1,NA,NA,1,1,1,NA,1,1,NA,1
"34","Aristida repens",NA,1,1,1,1,1,1,NA,1,1,1,1
"35","Aristida subspicata",1,1,1,1,1,1,1,1,1,1,1,1
"36","Astrephia NA",NA,NA,NA,NA,NA,NA,NA,NA,NA,NA,NA,NA
"39","Baccharis steetzii",NA,NA,1,NA,1,NA,NA,NA,1,1,NA,1
"40","Baccharis gnidiifolia",NA,1,1,NA,1,NA,NA,NA,NA,NA,NA,1
"41","Bastardia viscosa",1,NA,1,NA,1,NA,1,1,1,1,1,1
"43","Bidens pilosa",NA,1,1,NA,1,NA,NA,NA,1,1,NA,1
"44","Bidens riparia",1,1,1,NA,1,NA,NA,NA,NA,1,NA,1
"45","Blainvillea dichotoma",1,1,1,NA,1,NA,1,1,1,1,1,1
"46","Blechum puberulum",NA,1,1,NA,1,NA,1,1,1,1,NA,1
"47","Blechum pyramidatum",NA,1,1,NA,1,NA,1,NA,1,1,NA,1
"48","Blechum polypodioides",NA,NA,1,NA,1,NA,1,1,1,1,NA,1
"49","Blutaparon rigidum",NA,NA,NA,NA,NA,NA,NA,NA,NA,NA,NA,1
"50","Boerhavia erecta",1,1,1,NA,1,NA,1,NA,1,1,1,1
"51","Boerhavia coccinea",1,1,1,NA,1,NA,1,NA,1,1,1,1
"52","Borreria perpusilla",NA,NA,1,NA,NA,NA,NA,NA,1,1,1,1
"53","Borreria linearifolia",NA,1,1,NA,1,NA,1,NA,NA,NA,1,1
"54","Borreria suberecta",NA,1,NA,NA,1,1,1,1,1,NA,1,1
"55","Borreria ericaefolia",NA,1,1,1,1,NA,1,1,1,NA,1,1
"56","Borreria rotundifolia",NA,NA,NA,NA,NA,NA,NA,NA,NA,1,NA,NA
"57","Borreria dispersa",NA,NA,1,NA,1,NA,1,1,1,1,NA,1
"58","Bouteloua disticha",1,1,1,NA,1,NA,1,1,1,1,1,1
"59","Bowlesia palmata",NA,1,NA,NA,NA,NA,NA,NA,NA,1,NA,NA
"60","Brachiaria multiculma",1,1,1,1,1,NA,1,1,1,1,1,1
"61","Brachycereus nesioticus",NA,1,NA,1,1,NA,1,NA,NA,1,NA,1
"62","Brickellia diffusa",NA,1,NA,NA,1,NA,NA,1,NA,1,NA,1
"63","Buddleja NA",NA,NA,NA,NA,NA,NA,NA,NA,NA,NA,NA,NA
"64","Bulbostylis juncoides",NA,1,1,NA,1,1,1,NA,1,1,NA,1
"65","Bursera graveolens",1,1,1,1,1,1,1,NA,1,1,1,1
"66","Calandrinia galapagosa",NA,NA,NA,NA,NA,NA,NA,NA,1,NA,NA,NA
"67","Calceolaria meistantha",NA,1,NA,NA,1,NA,NA,NA,NA,NA,NA,NA
"68","Callitriche NA",NA,NA,NA,NA,NA,NA,NA,NA,NA,NA,NA,NA
"69","Canavalia rosea",NA,NA,NA,NA,1,1,1,NA,NA,NA,NA,1
"70","Canna lambertii",NA,NA,NA,NA,NA,NA,NA,NA,NA,1,NA,1
"71","Capraria biflora",NA,NA,1,NA,1,NA,NA,1,1,1,NA,NA
"72","Capraria peruviana",NA,NA,1,NA,1,NA,NA,1,1,1,NA,1
"73","Capsicum galapagoense",NA,NA,NA,NA,1,NA,NA,NA,NA,1,NA,NA
"74","Cardiospermum galapageium",NA,NA,1,NA,1,NA,NA,NA,1,1,NA,1
"75","Cardiospermum corindum",NA,NA,1,NA,1,NA,NA,1,1,1,NA,1
"76","Castela galapageia",1,1,1,NA,1,1,1,1,1,1,1,1
"77","Castilleja arvensis",NA,1,NA,NA,1,NA,NA,NA,NA,1,NA,NA
"78","Cenchrus platyacanthus",1,1,1,1,1,1,1,NA,1,1,1,1
"79","Centella asiatica",NA,NA,NA,NA,1,NA,NA,1,1,1,NA,1
"80","Ceratophyllum NA",NA,NA,NA,NA,NA,NA,NA,NA,NA,NA,NA,NA
"81","Chamaesyce abdita",1,NA,NA,1,NA,NA,NA,NA,NA,1,1,NA
"82","Chamaesyce galapageia",NA,1,1,NA,1,NA,1,NA,NA,1,NA,1
"83","Chamaesyce nummularia",1,NA,1,1,1,NA,1,NA,1,1,1,1
"84","Chamaesyce viminea",NA,1,1,1,1,1,1,NA,1,1,1,1
"85","Chamaesyce amplexicaulis",1,NA,1,1,1,1,1,1,1,1,1,1
"86","Chamaesyce recurva",1,1,1,1,1,NA,1,1,1,1,1,1
"87","Chamaesyce punctulata",1,1,1,NA,1,1,1,1,1,1,1,1
"88","Chiococca alba",1,1,1,NA,1,1,1,1,1,1,NA,1
"89","Chloris NA",NA,NA,NA,NA,NA,NA,NA,NA,NA,NA,NA,NA
"90","Chrysanthellum pusillum",1,1,1,NA,1,NA,NA,NA,1,1,NA,1
"91","Cissampelos glaberrima",NA,NA,NA,NA,NA,NA,NA,NA,NA,1,NA,1
"92","Cissampelos pareira",NA,1,1,NA,1,NA,1,1,1,1,NA,1
"93","Cissus verticillata",NA,1,1,NA,1,1,NA,NA,1,1,NA,NA
"94","Clerodendrum molle",NA,NA,1,NA,1,NA,NA,NA,1,1,NA,1
"95","Commelina diffusa",NA,1,1,NA,1,NA,1,1,1,1,NA,1
"96","Commicarpus tuberosus",1,NA,1,1,1,NA,NA,1,1,1,NA,1
"98","Convolvulus NA",NA,NA,NA,NA,NA,NA,NA,NA,NA,NA,NA,NA
"99","Corchorus orinocensis",1,1,1,NA,1,NA,1,1,NA,1,NA,NA
"100","Cordia polycephala",NA,NA,NA,NA,1,NA,NA,NA,NA,NA,NA,NA
"101","Cordia revoluta",NA,1,1,NA,1,NA,NA,NA,NA,NA,NA,1
"102","Cordia leucophlyctis",NA,1,1,NA,1,NA,NA,NA,1,1,NA,1
"103","Cordia scouleri",NA,NA,1,NA,1,NA,1,NA,1,1,NA,1
"104","Cordia anderssonii",1,NA,1,NA,1,NA,1,1,1,1,NA,1
"105","Cordia lutea",1,NA,1,1,1,1,1,1,1,1,1,1
"106","Coronopus NA",NA,NA,NA,NA,NA,NA,NA,NA,NA,NA,NA,NA
"107","Cranichis schlimii",NA,1,1,NA,NA,NA,NA,NA,NA,NA,NA,NA
"108","Cranichis lichenophila",NA,NA,NA,NA,1,NA,NA,NA,NA,NA,NA,NA
"109","Cranichis werffii",NA,NA,NA,NA,1,NA,NA,NA,NA,1,NA,NA
"110","Crassula NA",NA,NA,NA,NA,NA,NA,NA,NA,NA,NA,NA,NA
"111","Cressa truxillensis",NA,NA,NA,NA,NA,NA,NA,NA,1,NA,NA,NA
"112","Crotalaria incana",NA,1,NA,NA,1,1,1,NA,1,1,1,1
"113","Crotalaria pumila",1,1,1,NA,1,NA,1,1,1,1,1,1
"114","Croton scouleri",1,1,1,1,1,1,1,1,1,1,1,1
"116","Cuphea carthagenensis",NA,NA,NA,NA,1,NA,NA,NA,1,1,NA,1
"117","Cuscuta gymnocarpa",1,1,1,1,1,NA,NA,NA,NA,1,NA,1
"118","Cuscuta acuta",1,1,1,1,1,1,NA,NA,NA,1,NA,1
"119","Cyclopogon werffii",NA,NA,NA,NA,NA,NA,NA,NA,NA,1,NA,NA
"120","Cyclospermum laciniatum",NA,NA,1,NA,1,NA,1,NA,1,1,NA,1
"122","Cyperus distans",NA,NA,1,NA,1,NA,NA,NA,NA,1,NA,NA
"124","Cyperus anderssonii",1,1,1,1,1,1,1,1,1,1,1,1
"125","Cyperus virens",NA,NA,NA,NA,1,NA,NA,NA,1,1,NA,1
"126","Cyperus grandifolius",NA,NA,1,NA,NA,NA,NA,NA,1,1,NA,NA
"129","Cyperus squarrosus",1,1,1,1,1,1,1,NA,1,1,1,1
"130","Cyperus confertus",1,1,1,1,1,1,1,1,1,1,1,1
"131","Dalea tenuicaulis",NA,NA,1,NA,1,NA,NA,NA,1,1,NA,1
"132","Erigeron alternifolius",NA,NA,NA,NA,1,NA,NA,NA,NA,NA,NA,NA
"133","Darwiniothamnus lancifolius",NA,1,NA,NA,1,NA,NA,NA,NA,1,NA,NA
"134","Darwiniothamnus tenuifolius",NA,NA,1,NA,1,NA,NA,1,NA,1,NA,NA
"135","Delilia inelegans",NA,NA,1,NA,NA,NA,NA,NA,NA,1,NA,NA
"136","Delilia repens",NA,1,NA,NA,1,NA,1,NA,NA,1,NA,1
"137","Desmanthus virgatus",1,NA,1,NA,1,NA,1,1,1,1,NA,NA
"138","Desmodium procumbens",1,1,1,1,1,1,1,1,1,1,1,1
"139","Dichondra microcalyx",NA,1,1,NA,1,NA,1,NA,1,1,NA,1
"140","Dicliptera peruviana",NA,1,NA,NA,1,NA,NA,NA,NA,NA,NA,1
"141","Digitaria NA",NA,NA,NA,NA,NA,NA,NA,NA,NA,NA,NA,NA
"142","Diodia radula",NA,1,1,NA,1,NA,NA,NA,1,1,NA,1
"143","Distichlis spicata",NA,NA,NA,NA,1,NA,NA,NA,NA,NA,NA,NA
"144","Dodonaea viscosa",NA,NA,NA,NA,1,NA,1,NA,1,NA,NA,NA
"145","Drymaria monticola",NA,NA,NA,NA,NA,NA,NA,NA,NA,1,NA,1
"146","Drymaria rotundifolia",NA,1,NA,NA,1,NA,NA,NA,NA,NA,NA,NA
"147","Drymaria cordata",NA,NA,1,NA,1,NA,NA,NA,1,1,NA,1
"148","Duranta erecta",NA,NA,NA,NA,1,NA,NA,NA,1,1,NA,NA
"149","Duranta dombeyana",NA,1,1,NA,1,NA,NA,NA,1,NA,NA,NA
"150","Duranta mutisii",NA,NA,NA,NA,NA,NA,NA,1,NA,NA,NA,NA
"151","Eclipta prostrata",NA,NA,1,NA,1,NA,NA,NA,1,1,NA,1
"152","Elaterium carthagenense",NA,NA,NA,NA,1,NA,1,NA,NA,NA,NA,1
"153","Eleocharis maculosa",NA,NA,NA,NA,1,NA,NA,NA,1,1,NA,1
"154","Eleocharis mutata",NA,NA,NA,NA,1,NA,NA,NA,1,1,NA,1
"156","Eleocharis acutangula",NA,NA,1,NA,NA,NA,NA,NA,1,1,NA,1
"157","Eleocharis montana",NA,NA,1,NA,1,NA,NA,NA,1,1,NA,1
"158","Eleocharis sellowiana",NA,NA,1,NA,1,NA,NA,NA,1,1,NA,1
"159","Encelia hispida",NA,NA,1,NA,1,NA,NA,NA,1,NA,1,1
"160","Enydra sessilifolia",NA,NA,NA,NA,NA,NA,NA,NA,1,1,NA,NA
"161","Enydra maritima",NA,NA,NA,NA,NA,NA,NA,NA,1,1,NA,1
"162","Epidendrum spicatum",NA,NA,1,NA,1,NA,1,NA,1,1,NA,1
"163","Eragrostis pastoensis",NA,1,NA,NA,NA,1,1,NA,NA,NA,NA,NA
"164","Eragrostis mexicana",NA,1,NA,NA,1,1,1,NA,NA,1,NA,NA
"165","Eragrostis ciliaris",1,1,1,1,1,1,1,1,1,1,1,1
"166","Eriochloa pacifica",NA,NA,NA,NA,NA,NA,NA,NA,1,1,NA,NA
"167","Erythrina velutina",NA,NA,NA,1,1,NA,NA,NA,NA,1,NA,1
"168","Erythrodes weberiana",NA,NA,NA,NA,NA,NA,1,NA,NA,NA,NA,NA
"169","Eupatorium pycnocephalum",NA,NA,NA,NA,NA,NA,NA,NA,NA,1,NA,NA
"170","Eupatorium solidagioides",NA,NA,NA,NA,1,NA,NA,NA,NA,NA,NA,NA
"171","Euphorbia parviflora",NA,NA,NA,NA,NA,NA,NA,NA,NA,1,NA,NA
"172","Evolvulus convolvuloides",1,NA,1,NA,1,NA,1,1,1,1,1,1
"173","Evolvulus simplex",1,NA,1,1,1,NA,NA,1,1,1,1,1
"174","Exodeconus miersii",1,1,1,1,1,1,1,1,1,1,1,1
"175","Fimbristylis dichotoma",1,NA,1,NA,1,1,NA,NA,1,1,1,1
"176","Froelichia juncea",NA,NA,NA,NA,1,NA,NA,NA,NA,1,NA,1
"177","Froelichia nudicaulis",NA,1,1,NA,1,NA,NA,1,1,1,NA,1
"178","Fuertesimalva insularis",NA,1,NA,NA,1,NA,NA,NA,NA,1,NA,NA
"179","Galactia striata",1,1,1,NA,1,NA,1,1,1,1,1,1
"180","Galinsoga gnidiifolia",NA,1,1,NA,1,NA,NA,NA,NA,NA,NA,1
"181","Galium galapagoense",NA,NA,1,NA,1,NA,NA,NA,1,1,NA,1
"182","Galvezia leucantha",NA,1,NA,NA,1,NA,NA,NA,NA,NA,NA,1
"183","Geofrea NA",NA,NA,NA,NA,NA,NA,NA,NA,NA,NA,NA,NA
"184","Gnaphalium NA",NA,NA,NA,NA,NA,NA,NA,NA,NA,NA,NA,NA
"185","Gossypium klotzschianum",NA,NA,NA,NA,1,1,NA,NA,1,1,NA,NA
"186","Gossypium darwinii",1,1,1,NA,1,1,1,1,1,1,NA,1
"187","Govenia utriculata",NA,NA,NA,NA,NA,NA,1,NA,NA,1,NA,NA
"189","Habenaria distans",NA,NA,NA,NA,1,NA,NA,NA,NA,1,NA,NA
"190","Habenaria alata",NA,1,NA,NA,1,NA,NA,NA,NA,NA,NA,1
"191","Habenaria monorrhiza",NA,NA,NA,NA,1,NA,NA,NA,1,1,NA,1
"192","Heliotropium indicum",NA,NA,1,NA,NA,NA,NA,NA,1,1,NA,NA
"193","Heliotropium anderssonii",NA,NA,NA,NA,NA,NA,NA,NA,NA,1,NA,NA
"195","Heliotropium angiospermum",1,1,1,1,1,NA,1,1,1,1,1,1
"196","Hemicarpha micrantha",NA,NA,NA,NA,NA,NA,NA,NA,NA,NA,NA,NA
"197","Herissantia crispa",NA,NA,1,NA,1,NA,1,NA,1,1,NA,1
"198","Hibiscus diversifolius",NA,NA,NA,NA,1,NA,NA,NA,1,1,NA,NA
"199","Hibiscus pernabucensis",NA,NA,1,NA,1,NA,NA,NA,1,1,NA,NA
"200","Hippomane mancinella",NA,NA,1,NA,1,NA,NA,NA,1,1,NA,1
"201","Hydrocotyle umbellata",NA,NA,NA,NA,1,NA,NA,NA,1,1,NA,NA
"202","Hydrocotyle galapagensis",NA,NA,NA,NA,NA,NA,NA,NA,1,NA,NA,NA
"203","Hypericum pratense",NA,NA,NA,NA,NA,NA,NA,NA,NA,1,NA,NA
"204","Hypericum thesiifolium",NA,NA,NA,NA,1,NA,NA,NA,1,1,NA,1
"205","Hypoxis decumbens",NA,NA,1,NA,1,NA,1,NA,1,1,NA,1
"206","Hyptis gymnocaulos",NA,NA,NA,NA,1,NA,NA,NA,NA,NA,NA,NA
"207","Hyptis spicigera",NA,1,1,NA,1,NA,NA,NA,1,1,NA,1
"208","Ichnanthus NA",NA,NA,NA,NA,NA,NA,NA,NA,NA,NA,NA,NA
"209","Iochroma ellipticum",NA,1,1,NA,1,NA,NA,1,1,1,NA,1
"210","Ionopsis utricularioides",NA,NA,1,NA,1,NA,1,1,NA,1,NA,1
"211","Ipomoea linearifolia",NA,NA,NA,NA,NA,NA,NA,NA,NA,NA,NA,NA
"212","Ipomoea imperati",NA,NA,NA,NA,1,NA,NA,NA,NA,NA,NA,NA
"213","Ipomoea tubiflora",NA,NA,NA,NA,NA,NA,NA,NA,1,1,NA,1
"214","Ipomoea habeliana",1,NA,1,1,1,1,1,1,NA,1,NA,1
"215","Ipomoea incarnata",NA,1,NA,1,1,NA,1,1,NA,1,NA,1
"217","Ipomoea triloba",1,1,1,NA,1,NA,1,1,1,1,NA,1
"218","Jaegeria gracilis",NA,1,1,NA,1,NA,NA,NA,1,1,NA,1
"219","Jaltomata werffii",NA,1,NA,NA,1,NA,NA,NA,NA,1,NA,1
"220","Jasminocereus thouarsii",NA,1,1,NA,1,NA,NA,NA,1,1,NA,1
"221","Juncus pallescens",NA,NA,NA,NA,NA,NA,NA,NA,NA,NA,NA,1
"222","Justicia galapagana",NA,1,1,NA,1,NA,1,NA,1,1,NA,1
"223","Koanophyllum NA",NA,NA,NA,NA,NA,NA,NA,NA,NA,NA,NA,NA
"224","Kallstroemia adscendens",1,1,1,NA,1,NA,1,1,1,1,1,NA
"225","Klaprothia fasciculata",NA,1,NA,NA,1,NA,1,NA,NA,1,NA,1
"226","Kyllinga brevifolia",NA,NA,1,NA,1,NA,NA,NA,1,1,NA,1
"227","Kyllinga pumila",NA,NA,NA,NA,NA,NA,NA,NA,1,1,NA,NA
"229","Lantana peduncularis",1,1,1,1,1,1,1,1,1,1,1,1
"230","Laportea aestuans",1,1,1,NA,1,NA,1,1,1,1,1,1
"231","Lecocarpus darwinii",NA,NA,NA,NA,NA,NA,NA,NA,1,NA,NA,NA
"232","Lecocarpus leptolobus",NA,NA,NA,NA,NA,NA,NA,NA,1,NA,NA,NA
"233","Lecocarpus pinnatifidus",NA,NA,1,NA,NA,NA,NA,NA,1,NA,NA,NA
"234","Lecocarpus lecocarpoides",1,NA,NA,NA,NA,NA,NA,NA,1,1,NA,NA
"235","Lemna aequinoctialis",NA,NA,1,NA,1,NA,NA,NA,1,1,NA,NA
"236","Lepidium NA",NA,NA,NA,NA,NA,NA,NA,NA,NA,NA,NA,NA
"237","Leptochloa NA",NA,NA,NA,NA,NA,NA,NA,NA,NA,NA,NA,NA
"238","Lindernia NA",NA,NA,NA,NA,NA,NA,NA,NA,NA,NA,NA,NA
"239","Linum cratericola",NA,NA,1,NA,NA,NA,NA,NA,NA,NA,NA,NA
"240","Linum harlingii",NA,NA,NA,NA,1,NA,NA,NA,NA,NA,NA,NA
"241","Liparis nervosa",NA,NA,NA,NA,NA,NA,1,NA,NA,1,NA,NA
"242","Lippia salicifolia",NA,NA,1,NA,NA,NA,NA,NA,NA,NA,NA,NA
"243","Lippia rosmarinifolia",NA,1,NA,NA,1,NA,1,NA,NA,NA,NA,1
"244","Lithophila subscaposa",NA,NA,1,NA,NA,NA,NA,1,NA,NA,NA,1
"245","Lithophila radicata",1,NA,1,NA,NA,NA,NA,1,1,NA,NA,NA
"246","Lobelia xalapensis",NA,1,1,NA,1,NA,1,NA,1,1,NA,1
"247","Ludwigia leptocarpa",NA,NA,NA,NA,NA,NA,NA,NA,1,1,NA,1
"248","Ludwigia erecta",1,NA,1,NA,NA,NA,NA,NA,1,1,1,NA
"249","Ludwigia peploides",NA,NA,NA,NA,1,NA,NA,NA,1,1,NA,1
"250","Luffa NA",NA,NA,NA,NA,NA,NA,NA,NA,NA,NA,NA,NA
"252","Macraea laricifolia",NA,1,1,NA,1,NA,1,NA,1,1,NA,1
"253","Macroptilium atropurpureum",NA,NA,1,NA,1,NA,NA,NA,1,NA,NA,1
"255","Mecardonia procumbens",NA,NA,1,NA,1,NA,NA,NA,1,1,NA,NA
"256","Mentzelia aspera",1,NA,1,1,1,NA,1,1,1,1,1,1
"257","Merremia aegyptia",1,NA,1,1,1,1,1,1,1,1,1,1
"258","Miconia robinsoniana",NA,NA,NA,NA,NA,NA,NA,NA,1,1,NA,NA
"260","Mollugo crockeri",NA,NA,NA,NA,1,NA,NA,NA,NA,1,NA,1
"261","Mollugo snodgrassii",NA,1,NA,NA,1,NA,1,NA,NA,NA,NA,NA
"262","Mollugo floriana",NA,NA,1,NA,NA,NA,1,1,NA,1,NA,1
"263","Mollugo flavescens",1,1,1,1,1,1,1,1,1,1,1,1
"264","Muhlenbergia microsperma",NA,1,NA,NA,1,NA,NA,NA,NA,1,NA,NA
"265","Nama dichotomum",NA,NA,NA,NA,1,NA,NA,NA,NA,1,NA,NA
"266","Neptunia plena",1,NA,1,NA,NA,1,1,1,1,1,1,1
"267","Nicandra NA",NA,NA,NA,NA,NA,NA,NA,NA,NA,NA,NA,NA
"268","Nicotiana glutinosa",NA,NA,1,NA,1,NA,NA,NA,NA,NA,NA,NA
"270","Ombrophytum peruvianum",NA,NA,NA,NA,NA,NA,NA,NA,NA,1,NA,NA
"271","Ombrophytum subterraneum",NA,NA,NA,NA,NA,NA,NA,NA,NA,1,NA,NA
"272","Oplismenus NA",NA,NA,NA,NA,NA,NA,NA,NA,NA,NA,NA,NA
"273","Opuntia saxicola",NA,NA,NA,NA,1,NA,NA,NA,NA,NA,NA,NA
"274","Opuntia helleri",NA,NA,NA,1,NA,1,NA,NA,NA,NA,NA,NA
"275","Opuntia insularis",NA,1,NA,NA,1,NA,NA,NA,NA,NA,NA,NA
"276","Opuntia echios",NA,NA,NA,NA,1,NA,NA,NA,NA,1,1,NA
"277","Opuntia megasperma",1,NA,1,NA,1,NA,NA,NA,1,1,NA,NA
"278","Opuntia galapageia",NA,NA,NA,NA,1,NA,1,1,NA,1,1,1
"279","Oxalis megalorrhiza",NA,NA,1,NA,NA,NA,1,1,NA,1,NA,1
"280","Oxalis dombeyi",1,1,1,NA,1,NA,1,1,1,1,1,1
"281","Panicum arundinariae",NA,1,NA,NA,1,NA,NA,NA,NA,1,NA,NA
"282","Panicum laxum",NA,NA,NA,NA,1,NA,NA,NA,1,1,NA,1
"283","Panicum dichotomiflorum",1,NA,NA,NA,1,NA,NA,NA,1,1,NA,1
"284","Panicum alatum",1,NA,NA,NA,NA,NA,NA,1,1,1,1,1
"285","Panicum glutinosum",NA,NA,NA,NA,1,NA,NA,NA,1,1,NA,NA
"286","Panicum hirticaule",1,NA,1,NA,1,NA,NA,1,1,1,1,1
"287","Parietaria debilis",NA,1,1,NA,1,NA,1,NA,NA,1,NA,1
"288","Parkinsonia aculeata",1,NA,1,NA,1,NA,NA,1,1,1,NA,NA
"289","Paspalidium geminatum",1,NA,1,NA,NA,NA,NA,1,1,1,NA,1
"290","Paspalum distichum",NA,NA,NA,NA,NA,NA,NA,NA,NA,1,NA,1
"291","Paspalum vaginatum",NA,NA,NA,NA,1,NA,NA,NA,1,1,NA,1
"292","Paspalum redundans",NA,NA,1,NA,1,NA,NA,NA,1,1,NA,NA
"293","Paspalum galapageium",NA,1,1,NA,1,1,1,NA,1,1,NA,1
"294","Paspalum paniculatum",NA,1,1,NA,NA,NA,NA,NA,1,1,NA,NA
"295","Paspalum penicillatum",NA,1,1,NA,1,NA,NA,NA,NA,1,NA,NA
"296","Passiflora tridactylites",1,NA,NA,NA,1,NA,1,NA,NA,1,NA,1
"297","Passiflora foetida",1,NA,1,NA,1,NA,NA,NA,1,1,NA,1
"298","Passiflora colinvauxii",NA,NA,NA,NA,NA,NA,NA,NA,NA,1,NA,NA
"299","Passiflora suberosa",1,1,1,NA,1,NA,1,NA,1,1,NA,1
"300","Pectis subsquarrosa",1,1,1,NA,1,NA,1,1,1,1,1,1
"301","Pectis tenuifolia",1,1,1,1,1,NA,1,NA,1,1,1,1
"302","Pennisetum pauperum",NA,1,NA,NA,1,NA,NA,NA,NA,NA,NA,1
"303","Peperomia rotundata",NA,NA,NA,NA,1,NA,NA,NA,NA,1,NA,1
"304","Peperomia petiolata",NA,1,1,NA,1,NA,1,1,1,1,NA,1
"305","Peperomia galioides",NA,1,1,NA,1,NA,1,1,1,1,NA,1
"306","Peperomia inaequalifolia",NA,1,1,NA,1,NA,1,1,1,1,NA,1
"307","Pernettya howellii",NA,NA,NA,NA,1,NA,NA,NA,NA,1,NA,NA
"308","Persicaria hydropiperoides",NA,NA,1,NA,1,NA,NA,NA,1,1,NA,1
"309","Persicaria acuminata",NA,NA,NA,NA,NA,NA,NA,NA,NA,1,NA,NA
"310","Phaseolus mollis",NA,1,NA,NA,1,NA,1,NA,1,1,NA,1
"311","Phaseolus cytisoides",NA,NA,NA,NA,NA,NA,NA,NA,NA,1,NA,NA
"312","Philoxerus NA",NA,NA,NA,NA,NA,NA,NA,NA,NA,NA,NA,NA
"313","Phoradendron berteroanum",NA,1,1,NA,1,NA,1,1,1,1,NA,1
"314","Phyla strigulosa",1,NA,1,NA,1,NA,NA,1,1,1,NA,NA
"315","Phyllanthus caroliniensis",NA,1,1,NA,1,NA,1,NA,1,1,NA,1
"316","Physalis galapagoensis",1,1,1,NA,1,NA,NA,NA,1,1,NA,1
"317","Physalis angulata",1,1,1,NA,1,1,1,NA,1,1,1,1
"318","Physalis pubescens",1,1,1,1,1,NA,1,1,NA,1,1,1
"319","Phytolacca octandra",NA,NA,NA,NA,1,NA,NA,NA,NA,1,NA,1
"320","Pilea peploides",NA,1,1,NA,1,NA,NA,NA,NA,NA,NA,NA
"321","Pilea baurii",1,1,1,NA,1,NA,1,1,1,1,NA,1
"322","Piscidia carthagenensis",NA,NA,NA,NA,NA,NA,NA,NA,1,1,NA,NA
"323","Pisonia floribunda",NA,1,1,NA,1,NA,1,1,1,1,NA,1
"324","Plantago galapagensis",NA,NA,1,NA,1,NA,NA,NA,1,1,NA,1
"325","Pleuropetalum darwinii",NA,NA,NA,NA,1,NA,NA,NA,NA,1,NA,1
"326","Plumbago coerulea",NA,NA,NA,NA,1,NA,NA,NA,NA,NA,NA,NA
"327","Plumbago zeylanica",1,1,1,NA,1,1,1,1,1,1,1,1
"328","Polygala anderssonii",NA,NA,NA,NA,1,NA,NA,NA,NA,1,NA,1
"329","Polygala sancti-georgii",NA,NA,1,NA,NA,NA,1,NA,NA,1,NA,1
"330","Polygala galapageia",NA,1,1,NA,1,1,NA,NA,1,1,NA,1
"331","Polygonum punctatum",NA,NA,1,NA,NA,NA,NA,NA,1,1,NA,1
"332","Polygonum galapagense",NA,NA,NA,NA,1,NA,NA,NA,1,1,NA,NA
"333","Ponthieva maculata",NA,NA,NA,NA,1,NA,1,NA,NA,1,NA,1
"334","Portulaca olearace",NA,NA,NA,NA,NA,NA,NA,NA,NA,NA,NA,NA
"335","Portulaca howellii",1,1,1,1,1,1,1,1,1,1,1,1
"336","Potamogeton pectinatus",NA,NA,NA,NA,1,NA,NA,NA,NA,1,NA,NA
"337","Prescottia oligantha",NA,NA,NA,NA,1,NA,1,NA,1,1,NA,1
"338","Prosopis juliflora",1,NA,1,NA,1,NA,1,1,1,1,1,1
"339","Psidium galapageium",NA,1,NA,NA,1,NA,1,NA,1,1,NA,1
"340","Psychotria angustata",NA,NA,1,NA,NA,NA,NA,NA,1,NA,NA,NA
"341","Psychotria rufipes",NA,1,1,NA,1,NA,1,NA,1,1,NA,1
"343","Pycreus bipartitus",NA,NA,NA,NA,1,NA,NA,NA,1,1,NA,1
"344","Ranunculus flagelliformis",NA,NA,NA,NA,NA,NA,NA,NA,NA,1,NA,NA
"346","Rhynchosia minima",1,1,1,1,1,1,1,1,1,1,1,1
"347","Rhynchospora rugosa",NA,NA,NA,NA,1,NA,NA,NA,NA,1,NA,1
"348","Rhynchospora nervosa",NA,NA,1,NA,1,NA,NA,NA,1,1,NA,1
"349","Rhynchospora tenuis",NA,NA,NA,NA,1,NA,NA,NA,NA,1,NA,NA
"350","Rhynchospora contracta",NA,NA,NA,NA,1,NA,NA,NA,1,NA,NA,1
"351","Rhynchospora corymbosa",NA,NA,NA,NA,1,NA,NA,NA,1,1,NA,NA
"352","Rhynchospora rariflora",NA,NA,NA,NA,NA,NA,NA,NA,NA,1,NA,NA
"353","Rivinia NA",NA,NA,NA,NA,NA,NA,NA,NA,NA,NA,NA,NA
"354","Rorippa nana",NA,NA,NA,NA,NA,NA,NA,NA,NA,NA,NA,1
"355","Ruellia floribunda",NA,NA,NA,NA,NA,NA,NA,NA,1,1,NA,NA
"356","Ruppia maritima",NA,NA,NA,1,1,NA,NA,NA,1,NA,NA,1
"357","Rytidostylis carthaginensis",NA,NA,NA,NA,1,NA,1,NA,1,1,NA,1
"359","Salvia occidentalis",NA,1,1,NA,1,NA,1,NA,1,1,NA,1
"360","Salvia prostrata",NA,NA,1,NA,NA,NA,NA,NA,1,NA,NA,1
"361","Salvia pseudoserotina",NA,NA,1,NA,1,NA,NA,NA,NA,1,NA,NA
"362","Sapindus NA",NA,NA,NA,NA,NA,NA,NA,NA,NA,NA,NA,NA
"363","Sarcostemma angustissimum",1,1,1,NA,1,NA,1,1,1,1,NA,1
"364","Scaevola plumieri",NA,NA,1,NA,1,NA,NA,NA,1,1,NA,NA
"365","Scalesia aspera",NA,NA,NA,NA,NA,NA,NA,NA,NA,1,NA,NA
"366","Scalesia atractyloides",NA,NA,NA,NA,NA,NA,NA,NA,NA,NA,NA,1
"367","Scalesia cordata",NA,NA,NA,NA,1,NA,NA,NA,NA,NA,NA,NA
"368","Scalesia divisa",NA,NA,NA,NA,NA,NA,NA,NA,1,NA,NA,NA
"369","Scalesia gordilloi",NA,NA,NA,NA,NA,NA,NA,NA,1,NA,NA,NA
"370","Scalesia retroflexa",NA,NA,NA,NA,NA,NA,NA,NA,NA,1,NA,NA
"371","Scalesia crockeri",NA,NA,NA,NA,NA,NA,NA,NA,NA,1,NA,NA
"372","Scalesia baurii",NA,NA,NA,NA,NA,NA,1,1,NA,NA,NA,NA
"373","Scalesia helleri",NA,NA,NA,NA,NA,NA,NA,NA,NA,1,1,NA
"374","Scalesia microcephala",NA,1,NA,NA,1,NA,NA,NA,NA,NA,NA,NA
"375","Scalesia stewartii",NA,NA,NA,NA,NA,NA,NA,NA,NA,1,NA,1
"376","Scalesia villosa",NA,NA,1,NA,NA,NA,NA,NA,NA,1,NA,NA
"377","Scalesia incisa",NA,NA,NA,NA,NA,NA,1,1,1,NA,NA,NA
"378","Scalesia affinis",NA,1,1,NA,1,NA,NA,NA,NA,1,NA,NA
"379","Scalesia pedunculata",NA,NA,1,NA,1,NA,NA,NA,1,1,NA,1
"380","Scleria melaleuca",NA,NA,NA,NA,1,NA,NA,NA,1,1,NA,1
"381","Scleria distans",NA,NA,NA,NA,NA,NA,NA,NA,NA,1,NA,NA
"382","Sclerothrix NA",NA,NA,NA,NA,NA,NA,NA,NA,NA,NA,NA,NA
"383","Scoparia dulcis",NA,1,1,NA,1,NA,NA,NA,1,1,NA,1
"384","Scutia spicata",1,NA,1,NA,1,NA,NA,1,1,1,1,1
"385","Senna uniflora",NA,NA,NA,NA,NA,NA,NA,NA,1,1,NA,NA
"386","Senna occidentalis",NA,NA,1,NA,1,NA,NA,NA,1,1,NA,1
"387","Senna pistaciifolia",NA,1,1,NA,1,NA,NA,NA,1,1,NA,1
"390","Setaria parviflora",NA,NA,1,NA,1,NA,NA,NA,1,1,NA,1
"391","Setaria setosa",1,1,1,NA,1,1,1,1,1,1,1,1
"392","Sicyocaulis pentagonus",NA,NA,NA,NA,1,NA,NA,NA,NA,1,NA,NA
"393","Sicyos villosus",NA,NA,1,NA,NA,NA,NA,NA,NA,NA,NA,NA
"394","Sida cordata",NA,NA,1,NA,NA,NA,1,NA,NA,NA,NA,NA
"395","Sida hederifolia",NA,NA,1,NA,1,NA,1,1,1,1,NA,1
"396","Sida spinosa",1,NA,1,1,1,NA,1,1,1,1,NA,1
"397","Sida salviifolia",1,1,1,1,1,NA,1,1,1,1,1,1
"398","Sisyrinchium galapagense",NA,NA,1,NA,1,NA,NA,NA,1,1,NA,NA
"399","Solanum erianthum",NA,1,1,NA,1,NA,1,NA,NA,1,NA,1
"400","Solanum edmonstonei",NA,NA,NA,NA,NA,NA,NA,NA,NA,1,NA,NA
"401","Solanum cheesmaniae",1,1,1,NA,1,NA,NA,NA,1,1,1,1
"402","Solanum galapagense",1,1,1,NA,1,NA,1,1,1,1,NA,1
"403","Soliva anthemifolia",NA,NA,NA,NA,NA,NA,NA,NA,1,NA,NA,1
"404","Spermacoce remota",NA,1,1,NA,1,NA,NA,NA,1,1,NA,1
"405","Spilanthes NA",NA,NA,NA,NA,NA,NA,NA,NA,NA,NA,NA,NA
"406","Sporobolus pyramidatus",1,1,NA,NA,1,NA,NA,NA,1,1,NA,1
"407","Sporobolus indicus",1,1,1,NA,1,NA,1,NA,1,1,NA,1
"409","Stemodia NA",NA,NA,NA,NA,NA,NA,NA,NA,NA,NA,NA,NA
"410","Stenotaphrum secundatum",NA,NA,1,NA,1,NA,NA,NA,1,1,NA,NA
"411","Stylosanthes sympodiales",NA,1,1,1,1,1,1,1,1,1,NA,1
"412","Talinum NA",NA,NA,NA,NA,NA,NA,NA,NA,NA,NA,NA,NA
"413","Tephrosia cinerea",1,1,1,NA,1,NA,1,NA,1,1,1,1
"414","Tetramerium nervosum",NA,1,1,NA,1,NA,1,NA,1,1,NA,1
"415","Teucrium vesicarium",NA,NA,1,NA,1,NA,NA,NA,1,1,NA,NA
"416","Tillandsia insularis",NA,1,1,NA,1,NA,NA,1,1,1,NA,1
"417","Tiquilia nesiotica",NA,NA,NA,NA,NA,NA,NA,NA,NA,1,NA,1
"418","Tiquilia darwinii",1,NA,1,1,1,1,1,NA,1,1,1,1
"419","Tiquilia galapagoa",NA,1,1,1,1,1,1,NA,1,1,1,1
"420","Tiquilia fusca",1,1,1,1,1,1,1,NA,1,1,1,1
"421","Tournefortia psilostachya",1,NA,1,NA,1,NA,1,1,1,1,NA,1
"422","Tournefortia pubescens",NA,1,1,NA,1,NA,NA,1,1,1,NA,1
"423","Tournefortia rufo-sericea",NA,1,1,NA,1,NA,1,1,1,1,NA,1
"424","Trema NA",NA,NA,NA,NA,NA,NA,NA,NA,NA,NA,NA,NA
"426","Tribulus NA",NA,NA,NA,NA,NA,NA,NA,NA,NA,NA,NA,NA
"427","Trichoneura lindleyana",1,1,1,1,1,1,1,1,1,1,1,1
"428","Trisetum howellii",NA,1,NA,NA,1,NA,NA,NA,1,1,1,NA
"429","Triumfetta NA",NA,NA,NA,NA,NA,NA,NA,NA,NA,NA,NA,NA
"430","Tropidia polystachya",NA,NA,NA,NA,1,NA,1,NA,NA,1,NA,NA
"431","Turnera NA",NA,NA,NA,NA,NA,NA,NA,NA,NA,NA,NA,NA
"432","Uniola pittieri",NA,NA,NA,NA,NA,NA,NA,NA,1,1,NA,NA
"433","Urera NA",NA,NA,NA,NA,NA,NA,NA,NA,NA,NA,NA,NA
"434","Utricularia foliosa",NA,NA,NA,NA,NA,NA,NA,NA,1,NA,NA,NA
"435","Vallesia glabra",1,NA,1,NA,1,NA,NA,1,1,1,NA,1
"436","Verbena grisea",NA,NA,NA,NA,NA,NA,NA,1,NA,NA,NA,NA
"437","Verbena galapagosensis",NA,NA,NA,NA,NA,NA,NA,NA,NA,1,NA,NA
"438","Verbena sedula",NA,NA,NA,NA,NA,NA,NA,NA,1,1,NA,1
"439","Verbena townsendii",NA,1,NA,NA,1,NA,1,NA,1,1,NA,NA
"440","Verbena glabrata",NA,NA,NA,NA,1,NA,NA,NA,NA,NA,NA,NA
"441","Verbena stewartii",NA,1,NA,NA,1,NA,NA,NA,NA,NA,NA,NA
"442","Vigna adenantha",NA,NA,NA,NA,NA,NA,NA,NA,1,1,NA,NA
"443","Vigna luteola",NA,1,NA,NA,1,NA,1,NA,1,1,NA,1
"444","Waltheria ovata",1,1,1,1,1,1,1,NA,1,1,1,1
"445","Zanthoxylum fagara",1,1,1,NA,1,NA,1,1,1,1,NA,1
"446","Zinnia NA",NA,NA,NA,NA,NA,NA,NA,NA,NA,NA,NA,NA
"447","Zornia NA",NA,NA,NA,NA,NA,NA,NA,NA,NA,NA,NA,NA
"448","NA NA",NA,NA,NA,NA,NA,NA,NA,NA,NA,NA,NA,NA
"449","NA NA",NA,NA,NA,NA,NA,NA,NA,NA,NA,NA,NA,NA
"450","NA NA",NA,NA,NA,NA,NA,NA,NA,NA,NA,NA,NA,NA
"451","NA NA",NA,NA,NA,NA,NA,NA,NA,NA,NA,NA,NA,NA
"452","NA NA",NA,NA,NA,NA,NA,NA,NA,NA,NA,NA,NA,NA
"453","NA NA",NA,NA,NA,NA,NA,NA,NA,NA,NA,NA,NA,NA
"454","NA nombre",NA,NA,NA,NA,NA,NA,NA,NA,NA,NA,NA,NA
