"","name_species","El_Hierro","La_Palma","La_Gomera","Tenerife","Gran_Canaria","Fuerteventura","Lanzarote"
"1","Allagopappus canariensis",NA,NA,1,1,1,NA,NA
"2","Allagopappus viscosissimus",NA,NA,NA,NA,1,NA,NA
"3","Andryala pinnatifida",1,1,1,1,1,1,1
"4","Argyranthemum broussonetii",NA,NA,1,1,NA,NA,NA
"5","Argyranthemum coronopifolium",NA,1,NA,1,NA,NA,NA
"6","Argyranthemum escarrei",NA,NA,NA,NA,1,NA,NA
"7","Argyranthemum gracile",NA,NA,NA,1,NA,NA,NA
"8","Argyranthemum hierrense",1,NA,NA,NA,NA,NA,NA
"9","Argyranthemum lemsii",NA,NA,NA,1,NA,NA,NA
"10","Argyranthemum lidii",NA,NA,NA,NA,1,NA,NA
"11","Argyranthemum maderense",NA,NA,NA,NA,NA,NA,1
"12","Argyranthemum sundingii",NA,NA,NA,1,NA,NA,NA
"13","Atalanthus arboreus",NA,1,NA,1,NA,NA,NA
"14","Atalanthus canariensis",NA,NA,1,NA,NA,NA,NA
"15","Atalanthus capillaris",NA,NA,1,1,1,NA,NA
"16","Atalanthus microcarpus",NA,NA,NA,1,NA,NA,NA
"17","Atalanthus pinnatus",NA,NA,1,1,1,1,1
"18","Atalanthus regis-jubae",NA,1,1,1,1,NA,NA
"21","Briza maxima",1,1,1,1,1,1,1
"22","Bystropogon canariensis",1,1,1,1,1,NA,NA
"23","Bystropogon odoratissimus",NA,NA,NA,1,NA,NA,NA
"24","Bystropogon origanifolius",1,1,1,1,1,NA,NA
"25","Campylanthus salsoloides",NA,1,1,1,1,1,1
"27","Carduus baeocephalus",1,NA,NA,NA,1,NA,NA
"28","Carduus bourgeaui",NA,NA,NA,NA,NA,1,NA
"29","Carduus clavulatus",1,1,1,1,1,1,1
"30","Carlina falcata",NA,1,NA,1,NA,NA,NA
"31","Carlina salicifolia",1,NA,1,1,1,1,1
"32","Centaurea melitensis",1,1,1,1,1,1,1
"33","Ceropegia dichotoma",1,1,1,1,1,NA,NA
"34","Ceropegia fusca",NA,1,NA,1,1,NA,NA
"35","Chrysoprenanthes pendula",NA,NA,NA,NA,1,NA,NA
"36","Crambe sventenii",NA,NA,NA,NA,NA,1,NA
"37","Crepis canariensis",NA,NA,NA,NA,NA,1,1
"39","Cynara cardunculus",1,1,1,1,1,1,1
"40","Dichanthium foveolatum",1,1,1,1,1,1,NA
"41","Dittrichia viscosa",1,1,1,1,1,1,1
"42","Drimia maritima",NA,NA,NA,1,NA,NA,1
"43","Erysimum bicolor",1,1,1,1,1,1,NA
"44","Ferula lancerottensis",NA,NA,NA,NA,NA,1,1
"45","Ferula linkii",1,1,1,1,1,1,NA
"46","Filago desertorum",NA,NA,NA,1,1,1,1
"47","Filago lutescens",1,NA,NA,1,1,NA,1
"48","Filago pyramidata",1,1,1,1,1,1,1
"49","Galactites tomentosus",1,1,1,1,1,NA,NA
"50","Gennaria diphylla",1,1,1,1,1,NA,1
"51","Globularia salicina",1,1,1,1,1,NA,NA
"52","Helichrysum alucense",NA,NA,1,NA,NA,NA,NA
"53","Helichrysum gossypinum",NA,NA,NA,NA,NA,NA,1
"54","Helichrysum monogynum",NA,NA,NA,NA,NA,NA,1
"55","Helminthotheca echioides",1,1,1,1,1,1,1
"56","Hyparrhenia hirta",1,1,1,1,1,1,1
"57","Hyparrhenia sinaica",NA,NA,1,NA,1,NA,1
"58","Hypochaeris oligocephala",NA,NA,NA,1,NA,NA,NA
"59","Kleinia neriifolia",1,1,1,1,1,1,1
"60","Lactuca serriola",1,1,1,1,1,1,1
"61","Laphangium luteoalbum",1,1,1,1,1,1,1
"62","Lasiopogon muscoides",NA,NA,NA,NA,NA,1,1
"63","Launaea arborescens",1,1,1,1,1,1,1
"64","Launaea capitata",NA,NA,NA,NA,NA,1,1
"66","Launaea nudicaulis",1,1,1,1,1,1,1
"67","Limonium arborescens",NA,1,NA,1,NA,NA,NA
"68","Limonium fruticans",NA,NA,NA,1,NA,NA,NA
"69","Limonium perezii",NA,NA,NA,1,NA,NA,NA
"70","Limonium preauxii",NA,NA,NA,NA,1,NA,NA
"71","Limonium spectabile",NA,NA,NA,1,NA,NA,NA
"72","Limonium sventenii",NA,NA,NA,NA,1,NA,NA
"73","Lobularia canariensis",1,1,1,1,1,1,1
"74","Lobularia libyca",1,1,1,1,1,1,1
"75","Logfia clementei",NA,NA,NA,NA,NA,NA,1
"76","Logfia gallica",1,1,1,1,1,1,1
"78","Melica ciliata",NA,NA,1,1,1,1,1
"79","Onopordon nogalesii",NA,NA,NA,NA,NA,1,NA
"80","Pericallis echinata",NA,NA,NA,1,NA,NA,NA
"81","Pericallis lanata",NA,NA,NA,1,NA,NA,NA
"82","Pericallis papyracea",NA,1,NA,NA,NA,NA,NA
"83","Pericallis steetzii",NA,NA,1,NA,NA,NA,NA
"84","Periploca laevigata",1,1,1,1,1,1,1
"85","Phagnalon purpurascens",1,1,1,1,1,1,1
"86","Phagnalon rupestre",1,1,1,1,1,1,1
"87","Phagnalon saxatile",1,1,1,1,1,1,1
"88","Phagnalon umbelliforme",1,1,1,1,1,NA,NA
"89","Phyllis nobla",1,1,1,1,1,NA,NA
"90","Phyllis viscosa",1,NA,1,1,NA,NA,NA
"93","Ranunculus cortusifolius",1,1,1,1,1,1,1
"95","Rumex lunaria",1,1,1,1,1,1,1
"96","Rumex vesicarius",1,1,1,1,1,1,1
"98","Salsola frankenioides",NA,NA,NA,NA,NA,1,1
"101","Schizogyne glaberrima",NA,NA,NA,1,1,NA,NA
"104","Senecio glaucus",1,NA,1,1,1,1,1
"105","Senecio ilsae",NA,NA,1,NA,NA,NA,NA
"106","Senecio incrassatus",1,1,NA,NA,NA,NA,NA
"107","Senecio leucanthemifolius",NA,NA,1,1,1,1,1
"108","Senecio massaicus",NA,NA,NA,1,1,1,1
"109","Sonchus acaulis",NA,NA,NA,1,1,NA,NA
"110","Sonchus asper",1,1,1,1,1,1,1
"112","Sonchus bourgeaui",NA,NA,NA,NA,1,1,1
"114","Sonchus canariensis",NA,NA,NA,1,1,NA,NA
"115","Sonchus congestus",NA,NA,NA,1,1,NA,NA
"116","Sonchus fauces-orci",NA,NA,NA,1,NA,NA,NA
"117","Sonchus gomerensis",NA,NA,1,NA,NA,NA,NA
"118","Sonchus hierrensis",1,1,1,NA,NA,NA,NA
"119","Sonchus lidii",1,NA,NA,NA,NA,NA,NA
"120","Sonchus pinnatifidus",NA,NA,NA,NA,NA,1,1
"121","Sonchus pitardii",1,NA,NA,NA,NA,NA,NA
"122","Sonchus radicatus",NA,NA,NA,1,NA,NA,NA
"123","Sonchus tectifolius",NA,NA,NA,1,NA,NA,NA
"124","Sonchus tenerrimus",1,NA,1,1,1,1,1
"125","Sonchus tuberifer",NA,NA,NA,1,NA,NA,NA
"126","Spergula fallax",1,NA,1,1,1,1,1
"127","Spergularia fimbriata",NA,NA,NA,1,1,1,1
"128","Spergularia media",NA,NA,1,1,1,1,1
"129","Tamarix africana",NA,NA,NA,1,1,1,1
"131","Tolpis crassiuscula",NA,NA,NA,1,NA,NA,NA
"132","Tricholaena teneriffae",1,1,1,1,1,1,1
"133","Trifolium arvense",1,1,1,1,1,1,1
"134","Trifolium campestre",1,1,1,1,1,1,1
"137","Urospermum picroides",1,1,1,1,1,1,1
"138","Vieria laevigata",NA,NA,NA,1,NA,NA,NA
"139","Volutaria bollei",NA,NA,NA,NA,NA,1,1
"140","Volutaria canariensis",1,1,1,1,1,1,1
"141","Apollonias barbujana",1,1,1,1,1,1,NA
"142","Arbutus canariensis",1,1,1,1,1,NA,NA
"143","Asparagus arborescens",1,1,1,1,1,1,1
"144","Asparagus horridus",NA,NA,NA,NA,NA,1,1
"145","Asparagus nesiotes",NA,NA,NA,NA,NA,1,1
"146","Asparagus pastorianus",NA,NA,1,1,1,1,1
"147","Asparagus scoparius",1,1,1,1,1,1,NA
"148","Asparagus umbellatus",1,1,1,1,1,1,NA
"149","Bencomia caudata",NA,1,NA,1,1,NA,NA
"150","Bosea yervamora",1,1,1,1,1,1,NA
"151","Bryonia verrucosa",1,1,1,1,1,NA,1
"153","Cytinus hypocistis",1,1,1,1,1,NA,NA
"154","Daphne gnidium",NA,1,NA,1,1,NA,NA
"155","Dracunculus canariensis",1,1,1,1,1,1,NA
"156","Ilex canariensis",1,1,1,1,1,NA,NA
"157","Jasminum odoratissimum",1,1,1,1,1,1,NA
"158","Kunkeliella psilotoclada",NA,NA,NA,1,NA,NA,NA
"160","Lycium intricatum",NA,1,1,1,1,1,1
"161","Morella faya",1,1,1,1,1,1,1
"162","Neochamaelea pulverulenta",1,NA,1,1,1,NA,NA
"163","Osyris lanceolata",NA,1,1,1,NA,NA,NA
"164","Persea indica",1,1,1,1,1,NA,NA
"165","Phoenix canariensis",1,1,1,1,1,1,1
"166","Pistacia atlantica",NA,1,1,1,1,1,NA
"167","Plocama pendula",1,1,1,1,1,1,NA
"168","Rhamnus crenulata",1,1,1,1,1,1,1
"169","Rhamnus glandulosa",NA,1,1,1,1,NA,NA
"170","Rhus coriaria",1,1,1,1,1,NA,NA
"171","Rubia fruticosa",1,1,1,1,1,1,1
"172","Rubia peregrina",1,1,1,1,1,1,1
"173","Rubus bollei",1,1,1,1,1,1,NA
"174","Rubus ulmifolius",1,1,1,1,1,1,NA
"175","Sambucus nigra",NA,1,1,1,1,NA,NA
"176","Smilax aspera",1,1,1,1,1,1,NA
"177","Solanum alatum",1,NA,NA,1,1,NA,1
"178","Solanum lidii",NA,NA,NA,NA,1,NA,NA
"179","Viburnum rigidum",1,1,1,1,1,NA,NA
"180","Visnea mocanera",1,1,1,1,1,1,NA
"181","Withania aristata",1,1,1,1,1,NA,NA
"182","Agrimonia eupatoria",NA,NA,NA,1,NA,NA,NA
"183","Anthoxanthum aristatum",1,1,1,1,1,1,1
"184","Aristida adscensionis",1,1,1,1,1,1,1
"186","Avena canariensis",NA,NA,NA,1,NA,1,1
"187","Avena fatua",1,1,1,1,1,1,1
"188","Bituminaria bituminosa",1,1,1,1,1,1,1
"189","Cynoglossum creticum",NA,1,1,1,1,NA,NA
"190","Cynosurus echinatus",1,1,1,1,1,NA,1
"191","Dactylis smithii",1,1,1,1,1,1,1
"192","Erodium chium",1,1,1,1,1,1,1
"193","Erodium neuradifolium",NA,NA,NA,1,1,1,1
"194","Galium aparine",1,1,1,1,1,1,1
"195","Galium murale",1,1,1,1,1,1,1
"196","Galium scabrum",1,1,1,1,1,1,NA
"198","Hedypnois rhagadioloides",1,1,1,1,1,1,1
"199","Herniaria cinerea",1,NA,1,1,1,1,1
"200","Holcus lanatus",NA,1,1,1,1,NA,NA
"201","Hordeum murinum",1,1,1,1,1,1,1
"202","Lolium canariense",1,1,1,1,1,1,1
"203","Lolium edwardii",1,NA,NA,1,NA,NA,NA
"204","Marrubium vulgare",1,1,1,1,1,1,1
"205","Medicago laciniata",1,1,1,1,1,1,1
"207","Medicago polymorpha",1,1,1,1,1,1,1
"208","Setaria adhaerens",1,1,1,1,1,1,1
"209","Spergularia bocconei",1,1,1,1,1,1,1
"210","Torilis arvensis",1,1,1,1,1,1,1
"211","Tragus racemosus",1,1,1,1,1,1,1
"212","Tribulus terrestris",NA,NA,NA,1,1,1,NA
"213","Trifolium tomentosum",1,1,1,1,1,1,1
"214","Vulpia muralis",1,1,1,NA,1,1,NA
"215","Ammodaucus nanocarpus",NA,NA,NA,1,NA,1,NA
"216","Calendula aegyptiaca",1,NA,1,1,1,1,1
"217","Calendula tripterocarpa",NA,NA,NA,1,1,1,1
"218","Cenchrus ciliaris",1,1,1,1,1,1,1
"219","Drusa glandulosa",1,1,1,1,1,1,1
"220","Rostraria pumila",1,1,NA,1,1,1,1
"221","Rumex bucephalophorus",1,1,1,1,1,1,1
"222","Senecio flavus",NA,NA,NA,1,1,1,1
"223","Stipa capensis",1,1,1,1,1,1,1
"224","Tetrapogon villosus",NA,NA,1,1,1,1,1
"225","Emex spinosa",1,1,1,1,1,1,1
"228","Ammi majus",1,1,1,1,1,1,NA
"230","Argyranthemum tenerifae",NA,NA,NA,1,NA,NA,NA
"241","Reichardia famarae",NA,NA,NA,NA,NA,1,1
"244","Pallenis hierochuntica",NA,NA,NA,NA,NA,1,NA
"245","Pallenis spinosa",NA,1,1,1,1,1,1
"246","Tolpis barbata",1,1,1,1,1,1,1
"247","Calendula arvensis",1,1,1,1,1,1,1
"248","Ceratocapnos heterocarpa",NA,NA,NA,NA,NA,1,NA
"249","Plantago webbii",NA,1,NA,1,1,NA,NA
"250","Hirschfeldia incana",1,1,1,1,1,1,1
"254","Beta macrocarpa",NA,1,NA,1,1,1,1
"255","Beta maritima",1,1,1,1,1,1,1
"257","Calystegia soldanella",NA,NA,NA,NA,NA,NA,1
"263","Gymnocarpos decandrus",NA,NA,1,1,1,1,1
"264","Herniaria canariensis",NA,NA,NA,1,NA,NA,NA
"267","Juncus acutus",NA,1,1,1,1,1,1
"268","Maytenus canariensis",1,1,1,1,1,1,NA
"269","Pancratium canariense",1,1,1,1,1,1,1
"271","Patellifolia patellaris",1,1,1,1,1,1,1
"284","Aaronsohnia pubescens",NA,NA,NA,NA,NA,1,1
"285","Adenocarpus foliolosus",1,1,1,1,1,NA,NA
"286","Aeonium appendiculatum",NA,NA,1,NA,NA,NA,NA
"287","Aeonium arboreum",1,1,1,1,1,NA,NA
"288","Aeonium balsamiferum",NA,NA,NA,NA,NA,1,1
"289","Aeonium canariense",1,1,1,1,1,NA,NA
"290","Aeonium castello-paivae",NA,NA,1,NA,NA,NA,NA
"291","Aeonium ciliatum",NA,NA,NA,1,NA,NA,NA
"292","Aeonium davidbramwellii",NA,1,NA,NA,NA,NA,NA
"293","Aeonium decorum",NA,NA,1,1,NA,NA,NA
"294","Aeonium goochiae",NA,1,NA,NA,NA,NA,NA
"295","Aeonium haworthii",NA,NA,NA,1,NA,NA,NA
"296","Aeonium hierrense",1,1,NA,NA,NA,NA,NA
"297","Aeonium lancerottense",NA,NA,NA,NA,NA,NA,1
"298","Aeonium lindleyi",NA,NA,1,1,NA,NA,NA
"299","Aeonium nobile",NA,1,NA,NA,NA,NA,NA
"300","Aeonium percarneum",NA,NA,NA,NA,1,NA,NA
"301","Aeonium pseudourbicum",NA,NA,NA,1,NA,NA,NA
"302","Aeonium saundersii",NA,NA,1,NA,NA,NA,NA
"303","Aeonium sedifolium",NA,1,1,1,NA,NA,NA
"304","Aeonium smithii",NA,NA,NA,1,NA,NA,NA
"305","Aeonium tabulaeforme",NA,NA,NA,1,NA,NA,NA
"306","Aeonium undulatum",NA,NA,NA,NA,1,NA,NA
"307","Aeonium urbicum",NA,NA,NA,1,NA,NA,NA
"308","Aeonium valverdense",1,NA,NA,NA,NA,NA,NA
"310","Aichryson laxum",1,1,1,1,1,1,NA
"311","Aichryson tortuosum",NA,NA,NA,NA,NA,1,1
"312","Aizoon canariense",1,1,1,1,1,1,1
"313","Aizoon hispanicum",NA,NA,1,NA,NA,1,NA
"314","Ajuga iva",1,1,1,1,1,1,1
"315","Alisma lanceolatum",NA,NA,NA,NA,1,NA,NA
"316","Allium sphaerocephalum",NA,NA,NA,1,NA,NA,NA
"317","Allium subhirsutum",1,1,1,1,1,1,1
"318","Allium subvillosum",1,1,1,1,1,1,1
"319","Allium vineale",NA,1,NA,1,1,1,1
"320","Anagallis arvensis",1,1,1,1,1,1,1
"321","Anagyris latifolia",NA,1,1,1,1,NA,NA
"322","Androcymbium hierrense",1,1,1,NA,NA,NA,NA
"324","Argyranthemum filifolium",NA,NA,NA,NA,1,NA,NA
"325","Argyrolobium armindae",NA,NA,NA,NA,1,NA,NA
"326","Arisarum simorrhinum",NA,NA,NA,1,1,1,1
"327","Artemisia ramosa",NA,NA,NA,1,1,NA,NA
"328","Artemisia reptans",NA,NA,NA,1,1,1,NA
"329","Artemisia thuscula",1,1,1,1,1,NA,NA
"330","Asphodelus fistulosus",1,1,1,1,1,1,1
"331","Asphodelus ramosus",1,1,1,1,1,1,1
"332","Asphodelus tenuifolius",1,1,1,1,1,1,1
"333","Asteriscus graveolens",NA,NA,NA,NA,1,NA,NA
"334","Asteriscus intermedius",NA,NA,NA,NA,NA,1,1
"336","Asteriscus sericeus",NA,NA,NA,NA,NA,1,NA
"337","Astragalus edulis",NA,NA,NA,NA,NA,1,1
"338","Astragalus mareoticus",NA,NA,NA,NA,NA,1,1
"339","Astragalus pelecinus",1,1,1,1,1,1,1
"340","Astragalus stella",NA,NA,NA,NA,NA,1,1
"341","Brachypodium arbuscula",1,NA,1,1,NA,NA,NA
"342","Brachypodium sylvaticum",1,1,1,1,1,NA,NA
"343","Brassica bourgeaui",1,1,1,1,NA,NA,NA
"344","Bufonia paniculata",NA,1,1,1,1,NA,NA
"345","Buglossoides arvensis",NA,NA,NA,1,1,1,1
"347","Calamintha sylvatica",1,1,1,1,1,NA,NA
"348","Campanula dichotoma",NA,NA,1,1,NA,1,1
"349","Camptoloma canariense",NA,NA,NA,NA,1,NA,NA
"350","Carex canariensis",1,1,1,1,1,NA,NA
"351","Carex divisa",1,NA,NA,NA,NA,NA,NA
"352","Carex divulsa",1,1,1,1,1,1,1
"353","Carrichtera annua",1,NA,1,1,1,1,1
"354","Catapodium hemipoa",NA,NA,NA,NA,NA,1,1
"355","Ceballosia fruticosa",1,1,1,1,1,1,1
"356","Cedronella canariensis",1,1,1,1,1,NA,NA
"357","Chamaecytisus proliferus",1,1,1,1,1,NA,NA
"358","Cheirolophus burchardii",NA,NA,NA,1,NA,NA,NA
"359","Cheirolophus canariensis",NA,NA,NA,1,NA,NA,NA
"360","Cheirolophus dariasi",NA,NA,1,NA,NA,NA,NA
"361","Cheirolophus ghomerytus",NA,NA,1,NA,NA,NA,NA
"362","Cheirolophus junonianus",NA,1,NA,NA,NA,NA,NA
"363","Cheirolophus webbianus",NA,NA,NA,1,NA,NA,NA
"364","Chenopodium coronopus",1,1,NA,1,1,NA,NA
"365","Cistanche phelipaea",NA,NA,NA,NA,NA,1,1
"366","Cistus grancanariae",NA,NA,NA,NA,1,NA,NA
"367","Cistus horrens",NA,NA,NA,NA,1,NA,NA
"368","Cistus monspeliensis",1,1,1,1,1,NA,NA
"369","Cistus symphytifolius",NA,1,NA,1,NA,NA,NA
"370","Cladium mariscus",NA,NA,NA,NA,1,NA,NA
"372","Convolvulus floridus",1,1,1,1,1,1,1
"373","Convolvulus fruticulosus",1,1,NA,1,NA,NA,NA
"374","Convolvulus scoparius",1,1,1,1,1,NA,NA
"375","Convolvulus subauriculatus",NA,NA,1,NA,NA,NA,NA
"376","Coronilla viminalis",NA,NA,NA,NA,1,1,1
"377","Crambe scaberrima",NA,NA,NA,1,NA,NA,NA
"378","Crambe scoparia",NA,NA,NA,NA,1,NA,NA
"379","Crambe strigosa",NA,1,1,1,NA,NA,NA
"380","Crambe tamadabensis",NA,NA,NA,NA,1,NA,NA
"381","Cryptotaenia elegans",NA,1,1,1,NA,NA,NA
"382","Cuscuta approximata",NA,NA,NA,1,1,1,1
"383","Cuscuta planiflora",1,1,1,1,1,1,1
"387","Cyperus laevigatus",NA,1,1,1,1,1,1
"388","Cyperus teneriffae",NA,NA,NA,1,1,NA,NA
"389","Dendriopoterium menendezii",NA,NA,NA,NA,1,NA,NA
"390","Dendriopoterium pulidoi",NA,NA,NA,NA,1,NA,NA
"391","Descurainia artemisioides",NA,NA,NA,NA,1,NA,NA
"392","Descurainia bourgeauana",NA,1,NA,1,NA,NA,NA
"393","Descurainia millefolia",NA,1,1,1,NA,NA,NA
"394","Descurainia preauxiana",NA,NA,NA,NA,1,NA,NA
"395","Dicheranthus plocamoides",NA,NA,1,1,NA,NA,NA
"396","Dipcadi serotinum",NA,NA,1,1,1,1,1
"397","Dorycnium spectabile",NA,NA,NA,1,NA,NA,NA
"398","Echium bethencourtii",NA,1,NA,NA,NA,NA,NA
"399","Echium bonnetii",NA,NA,NA,1,1,1,1
"400","Echium brevirame",NA,1,NA,NA,NA,NA,NA
"401","Echium decaisnei",NA,NA,NA,NA,1,1,1
"402","Echium giganteum",NA,NA,NA,1,NA,NA,NA
"403","Echium lancerottense",NA,NA,NA,NA,NA,NA,1
"404","Echium leucophaeum",NA,NA,NA,1,NA,NA,NA
"405","Echium onosmifolium",NA,NA,NA,NA,1,NA,NA
"406","Echium plantagineum",1,1,1,1,1,NA,NA
"407","Echium simplex",NA,NA,NA,1,NA,NA,NA
"408","Echium strictum",1,1,1,1,1,NA,NA
"409","Echium sventenii",NA,NA,NA,1,NA,NA,NA
"410","Echium triste",NA,NA,1,1,1,NA,NA
"411","Echium webbii",NA,1,NA,NA,NA,NA,NA
"412","Erica arborea",1,1,1,1,1,1,1
"413","Eritrichium sventenii",NA,NA,NA,NA,NA,1,NA
"414","Erucastrum canariense",NA,1,1,1,1,1,1
"415","Erucastrum cardaminoides",1,1,1,1,1,1,1
"417","Euphorbia atropurpurea",NA,NA,NA,1,NA,NA,NA
"418","Euphorbia balsamifera",1,1,1,1,1,1,1
"419","Euphorbia berthelotii",NA,NA,1,NA,NA,NA,NA
"420","Euphorbia bourgeana",NA,NA,NA,1,NA,NA,NA
"421","Euphorbia canariensis",1,1,1,1,1,1,1
"422","Euphorbia handiensis",NA,NA,NA,NA,NA,1,NA
"423","Euphorbia lamarckii",1,1,1,1,NA,NA,NA
"425","Euphorbia peplus",1,1,1,1,1,1,1
"426","Euphorbia regis-jubae",NA,1,1,NA,1,1,1
"427","Euphorbia segetalis",NA,1,NA,1,NA,NA,1
"428","Euphorbia serrata",NA,NA,NA,1,1,1,1
"429","Euphorbia terracina",1,1,1,1,1,1,1
"430","Fagonia cretica",1,1,1,1,1,1,1
"431","Foeniculum vulgare",1,1,1,1,1,1,1
"432","Forsskaolea angustifolia",1,1,1,1,1,1,1
"433","Fumaria bastardii",1,1,1,1,1,1,1
"434","Fumaria coccinea",1,NA,1,1,1,1,1
"435","Fumaria muralis",1,1,1,1,1,1,1
"436","Geranium rotundifolium",1,1,1,1,1,1,1
"437","Gladiolus italicus",1,1,1,1,1,1,1
"438","Gonospermum ferulaceum",NA,NA,NA,NA,1,NA,NA
"439","Gonospermum fruticosum",1,1,1,1,NA,NA,NA
"440","Helianthemum bramwelliorum",NA,NA,NA,NA,NA,NA,1
"441","Helianthemum canariense",1,1,1,1,1,1,1
"443","Helianthemum salicifolium",NA,NA,NA,NA,1,NA,NA
"444","Helianthemum thymiphyllum",NA,NA,NA,NA,NA,1,1
"445","Heliotropium ramosissimum",NA,1,1,1,1,1,1
"446","Hippocrepis multisiliquosa",1,NA,1,NA,1,1,1
"447","Hippocrepis salzmannii",NA,NA,NA,NA,NA,1,1
"448","Hyoscyamus albus",1,1,1,1,1,1,1
"449","Hypericum glandulosum",NA,1,1,1,1,1,NA
"450","Hypericum grandifolium",1,1,1,1,1,1,1
"451","Hypericum reflexum",NA,NA,1,1,1,NA,NA
"452","Isoplexis canariensis",NA,1,1,1,NA,NA,NA
"453","Justicia hyssopifolia",NA,NA,1,1,NA,NA,NA
"454","Kickxia commutata",NA,NA,NA,1,1,NA,NA
"455","Kickxia pendula",NA,NA,NA,NA,1,NA,NA
"458","Lamarckia aurea",1,1,1,1,1,1,1
"459","Lavandula bramwellii",NA,NA,NA,NA,1,NA,NA
"460","Lavandula buchii",NA,NA,NA,1,NA,NA,NA
"461","Lavandula canariensis",1,1,1,1,1,1,1
"462","Lavandula pinnata",NA,NA,NA,NA,NA,1,1
"463","Lavatera acerifolia",NA,1,1,1,1,1,1
"464","Lavatera cretica",1,1,1,1,1,1,1
"465","Lobularia maritima",1,1,NA,1,1,NA,NA
"466","Loeflingia hispanica",NA,NA,NA,NA,NA,1,1
"468","Lolium rigidum",1,1,1,1,1,1,1
"470","Lotus callis-viridis",NA,NA,NA,NA,1,NA,NA
"471","Lotus emeroides",NA,NA,1,NA,NA,NA,NA
"472","Lotus eremiticus",NA,1,NA,NA,NA,NA,NA
"475","Lotus holosericeus",NA,NA,NA,NA,1,NA,NA
"479","Lotus mascaensis",NA,NA,NA,1,NA,NA,NA
"482","Luzula canariensis",NA,NA,1,1,NA,NA,NA
"483","Luzula forsteri",NA,NA,1,1,1,NA,NA
"485","Matthiola parviflora",1,1,1,1,1,1,1
"486","Melica minuta",NA,NA,1,1,1,NA,1
"487","Mercurialis canariensis",1,1,NA,1,NA,NA,1
"488","Mesembryanthemum crystallinum",1,1,1,1,1,1,1
"489","Mesembryanthemum nodiflorum",1,1,1,1,1,1,1
"490","Mesembryanthemum theurkauffii",NA,NA,NA,NA,NA,1,NA
"491","Micromeria hyssopifolia",1,NA,NA,1,NA,NA,NA
"492","Micromeria lepida",NA,NA,1,NA,NA,NA,NA
"493","Micromeria leucantha",NA,NA,NA,NA,1,NA,NA
"494","Micromeria teneriffae",NA,NA,NA,1,NA,NA,NA
"495","Micromeria tenuis",NA,NA,NA,NA,1,NA,NA
"496","Micromeria varia",1,NA,1,1,1,1,1
"497","Minuartia geniculata",NA,NA,NA,NA,1,1,1
"499","Misopates orontium",1,1,1,1,1,1,1
"500","Misopates salvagense",1,NA,NA,NA,NA,1,1
"501","Moehringia pentandra",1,1,1,1,1,NA,1
"502","Monanthes icterica",NA,NA,1,1,NA,NA,NA
"503","Monanthes laxiflora",NA,1,1,1,1,1,1
"504","Monanthes muralis",1,1,1,NA,NA,NA,NA
"505","Monanthes pallens",NA,NA,1,1,NA,NA,NA
"506","Muscari comosum",1,1,1,1,1,1,1
"507","Narcissus tazetta",NA,NA,NA,1,1,NA,NA
"508","Neatostema apulum",NA,NA,NA,1,1,1,1
"509","Notoceras bicorne",1,1,1,1,1,1,1
"510","Ochlopoa annua",1,1,1,1,1,1,1
"511","Oligomeris linifolia",NA,NA,NA,1,1,1,1
"512","Ononis angustissima",NA,NA,NA,1,1,1,1
"513","Ononis catalinae",NA,NA,NA,NA,NA,1,1
"514","Ononis diffusa",1,1,1,1,1,1,1
"515","Ononis hebecarpa",NA,NA,NA,NA,NA,1,1
"517","Ononis laxiflora",NA,1,NA,NA,1,1,1
"518","Ononis pendula",NA,NA,NA,NA,1,1,1
"519","Ononis reclinata",1,1,1,1,1,1,1
"520","Ononis sicula",NA,NA,NA,NA,NA,1,1
"522","Origanum vulgare",1,1,1,1,1,NA,NA
"523","Ornithopus compressus",1,1,1,1,1,NA,NA
"524","Orobanche amethystea",NA,NA,NA,1,NA,NA,1
"525","Orobanche calendulae",NA,NA,NA,NA,NA,NA,1
"526","Orobanche cernua",1,NA,NA,NA,1,1,1
"527","Orobanche minor",1,1,NA,NA,1,1,1
"528","Oropetium capense",NA,NA,NA,NA,1,NA,NA
"530","Oxalis corniculata",1,1,1,1,1,1,1
"531","Parietaria debilis",1,1,1,1,1,1,1
"532","Parietaria filamentosa",NA,1,1,1,NA,NA,NA
"533","Parietaria judaica",1,1,1,1,1,1,1
"534","Parietaria mauritanica",1,NA,NA,1,NA,NA,1
"535","Parolinia filifolia",NA,NA,NA,NA,1,NA,NA
"536","Parolinia glabriuscula",NA,NA,NA,NA,1,NA,NA
"537","Parolinia intermedia",NA,NA,NA,1,NA,NA,NA
"538","Parolinia ornata",NA,NA,NA,NA,1,NA,NA
"539","Parolinia platypetala",NA,NA,NA,NA,1,NA,NA
"540","Parolinia schizogynoides",NA,NA,1,NA,NA,NA,NA
"541","Paronychia canariensis",1,1,1,1,1,NA,NA
"542","Paronychia capitata",NA,NA,NA,NA,1,NA,NA
"543","Pelletiera wildpretii",1,1,NA,1,1,1,1
"544","Phalaris brachystachys",1,NA,1,1,1,1,1
"545","Phalaris canariensis",1,1,1,1,1,1,1
"546","Phalaris coerulescens",1,1,1,1,1,1,1
"548","Phalaris paradoxa",NA,1,1,1,1,1,1
"549","Phelipanche gratiosa",NA,NA,NA,NA,NA,NA,1
"550","Phelipanche lavandulacea",NA,NA,NA,1,1,NA,NA
"551","Phelipanche mutelii",1,NA,1,1,1,1,1
"552","Phelipanche nana",1,NA,1,1,1,NA,NA
"553","Phelipanche ramosa",1,1,1,1,1,1,1
"554","Pimpinella anagodendron",NA,NA,NA,1,NA,NA,NA
"555","Pimpinella cumbrae",NA,1,NA,1,NA,NA,NA
"556","Pimpinella dendrotragium",NA,1,NA,1,NA,NA,NA
"557","Pimpinella junoniae",NA,NA,1,NA,NA,NA,NA
"558","Piptatherum miliaceum",1,1,1,1,1,1,1
"559","Plantago albicans",NA,NA,NA,1,1,1,1
"560","Plantago arborescens",1,1,1,1,1,NA,NA
"561","Plantago asphodeloides",NA,NA,1,1,1,NA,NA
"563","Plantago famarae",NA,NA,NA,NA,NA,NA,1
"564","Plantago lagopus",1,1,1,1,1,1,1
"565","Plantago loeflingii",1,NA,1,1,1,NA,NA
"566","Plantago ovata",NA,1,1,1,1,1,1
"567","Poa bulbosa",1,NA,NA,1,1,NA,NA
"568","Polycarpaea aristata",NA,1,NA,1,1,NA,NA
"569","Polycarpaea carnosa",NA,NA,1,1,1,NA,NA
"570","Polycarpaea divaricata",1,1,1,1,1,1,1
"571","Polycarpaea filifolia",NA,NA,1,1,1,NA,NA
"572","Polycarpaea latifolia",1,NA,1,1,1,1,NA
"574","Polycarpaea robusta",NA,NA,NA,NA,NA,NA,1
"575","Polycarpaea smithii",1,1,1,NA,NA,NA,NA
"576","Polycarpon tetraphyllum",1,1,1,1,1,1,1
"577","Polygonum aviculare",1,1,1,1,1,1,1
"578","Portulaca canariensis",NA,NA,NA,1,NA,NA,1
"579","Potamogeton nodosus",NA,NA,1,1,1,NA,NA
"580","Potamogeton pussillum",NA,NA,NA,1,1,NA,NA
"581","Potamogeton trichoides",NA,NA,NA,1,NA,NA,NA
"583","Raphanus raphanistrum",1,1,1,1,1,1,1
"585","Reseda luteola",1,1,NA,1,1,1,1
"586","Reseda scoparia",NA,1,1,1,1,NA,NA
"587","Retama rhodorhizoides",1,1,1,1,1,1,NA
"588","Romulea columnae",1,1,1,1,1,1,1
"590","Ruta oreojasme",NA,NA,NA,NA,1,NA,NA
"591","Rutheopsis herbanica",NA,NA,NA,NA,NA,1,1
"592","Sagina apetala",1,1,1,1,1,1,1
"594","Salvia aegyptiaca",NA,NA,1,1,1,1,1
"595","Salvia broussonetii",NA,NA,NA,1,NA,NA,NA
"596","Salvia canariensis",1,1,1,1,1,1,1
"597","Salvia herbanica",NA,NA,NA,NA,NA,1,NA
"598","Samolus valerandi",NA,1,1,1,1,1,1
"599","Sanguisorba megacarpa",1,1,1,1,1,1,1
"600","Scilla dasyantha",NA,NA,NA,1,1,1,1
"601","Scilla haemorrhoidalis",1,1,1,1,1,1,1
"602","Scilla latifolia",1,1,1,1,NA,1,1
"603","Scrophularia arguta",1,1,1,1,1,1,1
"604","Scrophularia glabrata",NA,1,NA,1,NA,NA,NA
"605","Scrophularia smithii",1,1,1,1,1,NA,NA
"606","Semele androgyna",1,1,1,1,1,NA,NA
"607","Seseli webbii",1,1,1,1,1,NA,NA
"608","Sideritis amagroi",NA,NA,NA,NA,1,NA,NA
"609","Sideritis barbellata",NA,1,NA,NA,NA,NA,NA
"610","Sideritis brevicaulis",NA,NA,NA,1,NA,NA,NA
"611","Sideritis canariensis",1,1,NA,1,NA,NA,NA
"612","Sideritis cretica",NA,NA,1,1,NA,NA,NA
"613","Sideritis cystosiphon",NA,NA,NA,1,NA,NA,NA
"614","Sideritis dendro-chahorra",NA,NA,NA,1,NA,NA,NA
"615","Sideritis gomerae",NA,NA,1,NA,NA,NA,NA
"616","Sideritis kuegleriana",NA,NA,NA,1,NA,NA,NA
"617","Sideritis lotsyi",NA,NA,1,1,NA,NA,NA
"618","Sideritis nervosa",NA,NA,NA,1,NA,NA,NA
"619","Sideritis pumila",NA,NA,NA,NA,NA,1,1
"620","Silene behen",NA,NA,NA,1,1,1,1
"621","Silene berthelotiana",1,NA,NA,1,NA,NA,NA
"622","Silene bourgeaui",NA,NA,1,NA,NA,NA,NA
"623","Silene lagunensis",NA,NA,NA,1,NA,NA,NA
"624","Silene vulgaris",1,1,1,1,1,1,1
"625","Sisymbrium orientale",NA,NA,NA,1,NA,NA,NA
"626","Spartocytisus supranubius",NA,1,NA,1,NA,NA,NA
"627","Teline pallida",NA,NA,1,1,NA,NA,NA
"629","Teucrium heterophyllum",1,1,1,1,1,NA,NA
"630","Theligonum cynocrambe",NA,1,1,1,1,NA,NA
"631","Thesium humile",NA,1,1,1,1,1,1
"632","Tinguarra cervariaefolia",1,1,1,1,NA,NA,NA
"633","Todaroa aurea",1,1,1,1,1,NA,NA
"634","Todaroa montana",1,1,1,1,1,NA,NA
"635","Trigonella anguina",NA,NA,1,NA,NA,1,1
"636","Trigonella stellata",NA,NA,NA,1,1,1,1
"637","Urtica membranacea",1,1,1,1,1,1,NA
"638","Urtica stachyoides",1,1,NA,1,1,NA,NA
"639","Urtica urens",1,1,1,1,1,1,1
"640","Vaccaria hispanica",NA,NA,NA,1,NA,1,1
"641","Veronica anagallis-aquatica",NA,1,1,1,1,NA,NA
"642","Vicia chaetocalyx",NA,NA,NA,NA,1,NA,NA
"643","Vicia cirrhosa",1,1,1,1,1,NA,NA
"644","Vicia filicaulis",NA,NA,NA,NA,1,NA,NA
"645","Vicia hirsuta",1,1,1,1,1,NA,NA
"646","Vicia nataliae",NA,NA,1,NA,NA,NA,NA
"647","Vicia tetrasperma",1,1,1,1,1,1,1
"648","Wahlenbergia lobelioides",1,1,1,1,1,1,1
"649","Adenocarpus ombriosus",1,NA,NA,NA,NA,NA,NA
"650","Adenocarpus viscosus",NA,1,1,1,NA,NA,NA
"651","Aegilops geniculata",NA,1,1,1,NA,NA,1
"652","Aegilops lorentii",NA,NA,1,NA,NA,NA,NA
"653","Aegilops neglecta",NA,NA,NA,NA,NA,NA,1
"654","Aeonium cuneatum",NA,NA,NA,1,NA,NA,NA
"655","Aeonium gomerense",NA,NA,1,NA,NA,NA,NA
"656","Aeonium simsii",NA,NA,NA,NA,1,NA,NA
"657","Aeonium spathulatum",1,1,1,1,1,NA,NA
"658","Agrostis capillaris",NA,1,NA,NA,NA,NA,NA
"659","Agrostis castellana",1,1,1,1,1,1,1
"660","Aichryson bituminosum",NA,NA,NA,NA,1,NA,NA
"661","Aichryson bollei",NA,1,NA,NA,NA,NA,NA
"662","Aichryson brevipetalum",NA,1,NA,NA,NA,NA,NA
"663","Aichryson pachycaulon",NA,1,1,1,1,1,NA
"664","Aichryson palmense",NA,1,NA,NA,NA,NA,NA
"665","Aichryson parlatorei",1,1,1,1,1,NA,NA
"666","Aichryson porphyrogennetos",NA,NA,NA,1,1,NA,NA
"667","Aichryson punctatum",1,1,1,1,1,1,NA
"668","Aira caryophyllea",1,1,1,1,1,1,1
"669","Aira cupaniana",NA,NA,NA,1,NA,1,1
"670","Aira elegantissima",NA,NA,1,NA,NA,NA,NA
"671","Aira praecox",NA,NA,NA,1,NA,NA,NA
"672","Allium paniculatum",NA,1,NA,1,1,NA,NA
"673","Allium roseum",1,1,1,1,1,1,1
"674","Allium rotundum",NA,NA,NA,1,1,NA,NA
"676","Ammi procerum",NA,NA,NA,NA,1,NA,NA
"677","Ammi visnaga",NA,1,NA,NA,1,NA,NA
"678","Ammophila arenaria",NA,NA,NA,NA,NA,1,NA
"679","Anacyclus clavatus",NA,NA,NA,NA,NA,NA,1
"680","Anacyclus radiatus",1,NA,1,1,1,1,1
"681","Anagallis foemina",NA,NA,NA,1,NA,NA,NA
"682","Anchusa azurea",1,1,1,1,1,1,1
"683","Andropogon distachyos",NA,NA,1,1,NA,NA,NA
"684","Andryala integrifolia",1,NA,NA,NA,1,NA,NA
"685","Andryala webbii",NA,1,1,NA,NA,NA,NA
"686","Anisantha diandra",1,1,1,1,1,1,1
"687","Anisantha madritensis",1,1,1,1,1,1,1
"688","Anisantha rigida",1,1,1,1,1,1,1
"689","Anisantha rubens",1,1,1,1,1,1,1
"690","Anisantha tectorum",NA,1,NA,1,1,NA,NA
"691","Anthoxanthum odoratum",NA,1,NA,1,1,NA,NA
"692","Aphanes microcarpa",1,1,1,1,1,NA,NA
"693","Apium nodiflorum",NA,1,1,1,1,NA,NA
"694","Apium repens",NA,NA,NA,1,NA,NA,NA
"695","Arabidopsis thaliana",1,1,1,1,1,NA,NA
"696","Arabis caucasica",1,1,1,1,1,NA,NA
"697","Arabis recta",NA,1,NA,1,1,NA,NA
"698","Arenaria leptoclados",1,1,1,1,1,1,1
"699","Arenaria serpyllifolia",NA,1,NA,1,NA,NA,1
"700","Argyranthemum adauctum",1,1,NA,1,1,NA,NA
"701","Argyranthemum callichrysum",NA,NA,1,NA,NA,NA,NA
"702","Argyranthemum foeniculaceum",NA,NA,NA,1,NA,NA,NA
"703","Argyranthemum haouarytheum",NA,1,NA,NA,NA,NA,NA
"704","Argyranthemum sventenii",1,NA,NA,NA,NA,NA,NA
"705","Argyranthemum webbii",NA,1,NA,NA,NA,NA,NA
"706","Argyranthemum winteri",NA,NA,NA,NA,NA,1,NA
"707","Arrhenatherum calderae",NA,1,NA,1,NA,NA,NA
"708","Arrhenatherum elatius",1,1,NA,1,1,NA,1
"709","Arum italicum",NA,1,1,1,1,1,NA
"710","Asparagus fallax",NA,NA,1,1,NA,NA,NA
"711","Asparagus plocamoides",NA,1,1,1,1,NA,NA
"712","Asphodelus ayardii",NA,NA,NA,NA,1,NA,NA
"713","Asteriscus aquaticus",NA,1,1,1,1,1,1
"714","Asterolinon linum-stellatum",1,1,1,1,1,1,1
"715","Astragalus boeticus",1,NA,NA,1,1,NA,1
"716","Astragalus hamosus",1,1,1,1,1,1,1
"717","Astragalus sinaicus",NA,NA,NA,NA,NA,1,1
"718","Astragalus solandri",NA,NA,1,1,1,1,1
"719","Atractylis cancellata",NA,1,1,1,1,1,1
"720","Avena barbata",1,1,1,1,1,1,1
"721","Avena byzantina",NA,1,NA,NA,NA,NA,NA
"722","Avena sterilis",1,1,1,1,1,1,1
"723","Avenula marginata",NA,NA,1,1,NA,NA,NA
"724","Babcockia platylepis",NA,NA,NA,NA,1,NA,NA
"725","Bencomia brachystachya",NA,NA,NA,NA,1,NA,NA
"726","Bencomia exstipulata",NA,1,NA,1,NA,NA,NA
"727","Bencomia sphaerocarpa",1,NA,NA,NA,NA,NA,NA
"728","Biscutella auriculata",NA,1,NA,1,NA,1,1
"729","Bothriochloa pertusa",NA,NA,NA,1,1,NA,NA
"730","Briza media",NA,NA,NA,1,1,NA,NA
"731","Briza minor",1,1,1,1,1,NA,NA
"732","Bromus hordeaceus",1,1,1,1,1,1,1
"733","Bromus lanceolatus",1,1,1,1,1,1,1
"734","Bromus squarrosus",NA,NA,NA,NA,NA,1,NA
"735","Bupleurum handiense",NA,NA,NA,NA,NA,1,1
"736","Bupleurum salicifolium",1,1,1,1,1,NA,NA
"737","Bystropogon plumosus",NA,NA,NA,1,NA,NA,NA
"738","Bystropogon wildpretii",NA,1,NA,NA,NA,NA,NA
"739","Calendula suffruticosa",NA,NA,NA,1,NA,NA,NA
"740","Callitriche stagnalis",NA,NA,1,1,1,NA,NA
"741","Campanula erinus",1,1,1,1,1,1,1
"742","Canarina canariensis",1,1,1,1,1,NA,NA
"743","Capsella bursa-pastoris",1,1,1,1,1,1,1
"744","Capsella rubella",1,NA,1,NA,1,NA,NA
"745","Cardamine hirsuta",1,1,1,1,1,NA,NA
"746","Carduncellus caeruleus",NA,1,NA,1,1,NA,1
"747","Carduus pycnocephalus",NA,1,1,1,1,1,NA
"748","Carduus tenuiflorus",1,1,1,1,1,1,1
"749","Carduus volutarioides",NA,NA,NA,1,NA,NA,NA
"750","Carex distachya",NA,NA,1,NA,1,NA,NA
"751","Carex distans",NA,NA,1,NA,1,NA,NA
"752","Carex otrubae",NA,NA,1,1,1,NA,NA
"753","Carex pairae",NA,NA,1,1,1,NA,NA
"754","Carex paniculata",NA,NA,NA,1,NA,NA,NA
"755","Carex perraudieriana",NA,1,1,1,NA,1,NA
"756","Carex pseudocyperus",NA,NA,NA,1,NA,NA,NA
"757","Carex tumidicarpa",NA,NA,NA,1,NA,NA,NA
"758","Carlina canariensis",NA,NA,NA,NA,1,NA,NA
"759","Carlina texedae",NA,NA,NA,NA,1,NA,NA
"760","Carlina xeranthemoides",NA,NA,NA,1,NA,NA,NA
"761","Castellia tuberculosa",NA,1,1,1,1,1,1
"762","Catapodium marinum",NA,NA,NA,NA,NA,1,1
"763","Catapodium rigidum",1,1,1,1,1,1,1
"764","Centaurea aspera",NA,NA,NA,NA,1,NA,NA
"765","Centaurea calcitrapa",1,NA,1,1,1,1,1
"766","Centranthus calcitrapae",1,1,1,1,1,NA,NA
"767","Cerastium arvense",NA,NA,1,1,1,NA,NA
"768","Cerastium fontanum",NA,NA,NA,1,1,NA,NA
"769","Cerastium glomeratum",1,1,1,1,1,1,1
"770","Cerastium sventenii",1,1,NA,1,NA,NA,NA
"771","Chamaesyce canescens",NA,NA,1,1,1,NA,NA
"773","Cheirolophus arboreus",NA,1,NA,NA,NA,NA,NA
"774","Cheirolophus arbutifolius",NA,NA,NA,NA,1,NA,NA
"775","Cheirolophus duranii",1,NA,NA,NA,NA,NA,NA
"776","Cheirolophus falcisectus",NA,NA,NA,NA,1,NA,NA
"777","Cheirolophus metlesicsii",NA,NA,NA,1,NA,NA,NA
"778","Cheirolophus santos-abreui",NA,1,NA,NA,NA,NA,NA
"779","Cheirolophus satarataÃ«nsis",NA,NA,1,NA,NA,NA,NA
"780","Cheirolophus sventenii",NA,1,NA,NA,NA,NA,NA
"781","Cheirolophus tagananensis",NA,NA,NA,1,NA,NA,NA
"782","Cheirolophus teydis",NA,1,NA,1,NA,NA,NA
"783","Chelidonium majus",1,NA,NA,1,NA,NA,NA
"784","Chenopodium album",1,1,1,1,1,1,1
"785","Chenopodium glaucum",NA,NA,NA,NA,1,NA,NA
"786","Chenopodium urbicum",NA,NA,NA,1,1,NA,NA
"787","Chenopodium vulvaria",1,NA,NA,1,NA,NA,NA
"788","Cicer canariense",NA,1,NA,1,NA,NA,NA
"789","Cistus asper",1,NA,NA,NA,NA,NA,NA
"790","Cistus chinamadensis",1,NA,1,1,NA,NA,NA
"791","Cistus ocreatus",NA,NA,NA,NA,1,NA,NA
"792","Cistus osbeckiifolius",NA,NA,NA,1,NA,NA,NA
"793","Cistus palmensis",NA,1,NA,NA,NA,NA,NA
"794","Cladanthus mixtus",1,1,1,1,1,NA,NA
"795","Conium maculatum",1,1,1,1,1,NA,NA
"796","Convolvulus althaeoides",1,1,1,1,1,1,1
"797","Convolvulus arvensis",1,1,1,1,1,1,1
"798","Convolvulus canariensis",1,1,1,1,1,NA,NA
"799","Convolvulus glandulosus",NA,NA,NA,NA,1,NA,NA
"800","Convolvulus lopezsocasi",NA,NA,NA,NA,NA,NA,1
"801","Convolvulus perraudieri",NA,NA,NA,1,1,NA,NA
"802","Convolvulus siculus",1,1,1,1,1,1,1
"803","Convolvulus tricolor",NA,NA,NA,1,1,NA,NA
"804","Convolvulus volubilis",NA,NA,1,1,NA,NA,NA
"805","Crambe arborea",NA,NA,NA,1,NA,NA,NA
"806","Crambe feuilleei",1,NA,NA,NA,NA,NA,NA
"807","Crambe gomerae",NA,NA,1,NA,NA,NA,NA
"808","Crambe laevigata",NA,NA,NA,1,NA,NA,NA
"809","Crambe microcarpa",NA,1,NA,NA,NA,NA,NA
"810","Crambe pritzelii",NA,NA,NA,NA,1,NA,NA
"811","Crambe santosii",NA,1,1,NA,NA,NA,NA
"812","Crambe wildpretii",NA,NA,1,NA,NA,NA,NA
"813","Crassula tillaea",1,1,1,1,1,1,1
"814","Crepis capillaris",NA,1,NA,1,1,NA,NA
"815","Crepis foetida",1,1,1,1,1,NA,NA
"816","Crepis juvenalis",NA,NA,NA,1,NA,NA,NA
"817","Crepis vesicaria",NA,NA,NA,1,1,NA,NA
"818","Cutandia divaricata",NA,NA,NA,NA,NA,NA,1
"819","Cutandia maritima",NA,NA,NA,NA,NA,1,1
"820","Cynara humilis",NA,NA,NA,NA,1,NA,NA
"821","Cyperus alopecuroides",NA,1,NA,1,1,NA,NA
"822","Cyperus fuscus",NA,NA,NA,1,NA,NA,NA
"823","Cyperus longus",NA,1,1,1,1,1,NA
"824","Cyperus michelianus",NA,NA,NA,NA,1,NA,NA
"825","Cytinus ruber",NA,1,NA,1,NA,NA,NA
"826","Dactylis glomerata",1,1,NA,1,1,NA,NA
"827","Dactylis metlesicsii",NA,NA,NA,1,NA,NA,NA
"828","Daucus aureus",NA,NA,NA,1,1,NA,NA
"829","Daucus carota",1,1,1,1,1,1,NA
"830","Descurainia gilva",NA,1,NA,NA,NA,NA,NA
"831","Descurainia gonzalesii",NA,NA,NA,1,NA,NA,NA
"832","Descurainia lemsii",NA,NA,NA,1,NA,NA,NA
"833","Diplotaxis catholica",NA,NA,NA,NA,1,NA,NA
"834","Diplotaxis muralis",NA,NA,NA,1,NA,NA,NA
"835","Dorycnium broussonetii",NA,NA,NA,1,1,NA,NA
"836","Dorycnium eriophthalmum",1,1,1,1,1,NA,NA
"837","Dracaena draco",1,1,1,1,1,NA,NA
"838","Dracaena tamaranae",NA,NA,NA,NA,1,NA,NA
"839","Ebingeria elegans",1,1,1,1,1,NA,NA
"840","Echium acanthocarpum",NA,NA,1,NA,NA,NA,NA
"841","Echium aculeatum",1,1,1,1,NA,NA,NA
"842","Echium auberianum",NA,NA,NA,1,NA,NA,NA
"843","Echium callithyrsum",NA,NA,NA,NA,1,NA,NA
"844","Echium gentianoides",NA,1,NA,NA,NA,NA,NA
"845","Echium handiense",NA,NA,NA,NA,NA,1,NA
"846","Echium hierrense",1,NA,NA,NA,NA,NA,NA
"847","Echium pininana",NA,1,NA,NA,NA,NA,NA
"848","Echium virescens",NA,NA,NA,1,NA,NA,NA
"849","Echium wildpretii",NA,1,NA,1,NA,NA,NA
"850","Eleocharis multicaulis",NA,NA,NA,1,NA,NA,NA
"851","Eleocharis palustris",NA,NA,1,1,1,NA,NA
"852","Elytrigia repens",NA,NA,NA,1,1,NA,NA
"853","Enneapogon desvauxii",NA,NA,NA,1,1,1,1
"854","Epilobium hirsutum",NA,1,1,1,NA,NA,NA
"855","Epilobium obscurum",NA,NA,NA,1,NA,NA,NA
"856","Epilobium palustre",NA,NA,NA,1,NA,NA,NA
"857","Epilobium parviflorum",NA,1,1,1,1,NA,NA
"858","Epilobium tetragonum",NA,1,1,1,1,NA,NA
"859","Eragrostis barrelieri",1,1,1,1,1,1,1
"860","Eragrostis virescens",NA,1,NA,NA,NA,NA,NA
"861","Erica platycodon",1,NA,1,1,NA,NA,NA
"862","Erigeron calderae",NA,NA,NA,1,NA,NA,NA
"863","Erodium botrys",1,1,1,1,1,1,1
"864","Erodium brachycarpum",1,NA,NA,1,NA,NA,NA
"865","Erodium ciconium",NA,NA,NA,1,1,NA,NA
"866","Erodium cicutarium",1,1,1,1,1,1,1
"868","Erodium malacoides",1,1,1,1,1,1,1
"869","Erodium maritimum",NA,NA,NA,1,1,NA,NA
"870","Erodium moschatum",1,1,1,1,1,1,1
"872","Eruca vesicaria",1,1,1,1,1,1,1
"873","Erysimum albescens",NA,NA,NA,NA,1,NA,NA
"874","Erysimum scoparium",NA,1,NA,1,NA,NA,NA
"875","Euphorbia bravoana",NA,NA,1,NA,NA,NA,NA
"876","Euphorbia cyathophora",NA,NA,1,NA,1,1,NA
"877","Euphorbia helioscopia",NA,1,1,1,1,1,NA
"878","Euphorbia lambii",NA,NA,1,NA,NA,NA,NA
"879","Euphorbia lathyris",NA,1,NA,1,NA,NA,NA
"880","Euphorbia mellifera",NA,1,1,1,NA,NA,NA
"881","Euphorbia peploides",NA,NA,NA,NA,NA,1,1
"882","Euphorbia platyphylla",NA,NA,NA,1,1,NA,NA
"883","Euphorbia sulcata",NA,NA,NA,1,1,1,1
"884","Euphorbia taurinensis",NA,NA,NA,NA,NA,1,1
"885","Euphorbia variabilis",NA,NA,NA,1,NA,1,NA
"886","Ferula latipinna",NA,1,1,NA,NA,NA,NA
"887","Festuca agustinii",1,1,1,1,1,NA,NA
"888","Festuca rubra",NA,1,NA,NA,1,NA,NA
"889","Filago germanica",1,1,1,1,1,1,1
"890","Filago pygmaea",1,NA,NA,1,1,NA,1
"891","Fimbristylis bisumbellata",NA,NA,NA,1,1,NA,NA
"892","Fumaria montana",1,1,1,1,1,1,1
"893","Fumaria officinalis",NA,NA,NA,NA,1,1,1
"894","Fumaria vaillantii",NA,NA,NA,1,1,1,1
"895","Galium elongatum",NA,NA,NA,1,NA,NA,NA
"896","Galium geminiflorum",1,NA,NA,NA,NA,1,NA
"897","Galium parisiense",1,1,1,1,1,1,1
"898","Galium setaceum",1,1,1,NA,1,1,NA
"899","Galium spurium",1,NA,NA,1,1,NA,1
"900","Galium tricornutum",NA,1,1,1,1,1,1
"901","Galium verrucosum",1,1,1,1,1,NA,NA
"902","Gastridium phleoides",1,1,NA,NA,NA,1,NA
"903","Gastridium ventricosum",NA,1,1,1,1,1,1
"904","Gaudinia fragilis",NA,NA,NA,1,1,NA,NA
"905","Genista benehoavensis",NA,1,NA,NA,NA,NA,NA
"906","Geranium dissectum",1,1,1,1,1,NA,NA
"907","Geranium molle",1,1,1,1,1,1,1
"908","Geranium purpureum",1,1,1,1,1,NA,1
"909","Geranium reuteri",1,1,1,1,1,NA,NA
"910","Geranium robertianum",1,1,1,1,1,NA,NA
"911","Geropogon hybridus",NA,NA,1,1,NA,NA,NA
"912","Gesnouinia arborea",1,1,1,1,1,NA,NA
"913","Glinus lotoides",NA,NA,NA,NA,NA,NA,NA
"914","Globularia ascanii",NA,NA,NA,NA,1,NA,NA
"915","Globularia sarcophylla",NA,NA,NA,NA,1,NA,NA
"916","Gonospermum canariense",1,1,NA,NA,NA,NA,NA
"917","Gonospermum gomerae",NA,NA,1,NA,NA,NA,NA
"918","Gonospermum oshanahanii",NA,NA,NA,NA,1,NA,NA
"919","Gonospermum ptarmiciflorum",NA,NA,NA,NA,1,NA,NA
"920","Gonospermum revolutum",NA,NA,NA,1,NA,NA,NA
"921","Greenovia aizoon",NA,NA,NA,1,NA,NA,NA
"922","Greenovia aurea",1,1,1,1,1,NA,NA
"923","Greenovia diplocycla",1,1,1,NA,NA,NA,NA
"924","Greenovia dodrentalis",NA,NA,NA,1,NA,NA,NA
"925","Habenaria tridactylites",1,1,1,1,1,NA,1
"926","Hainardia cylindrica",NA,1,NA,1,1,NA,1
"927","Heberdenia excelsa",1,1,1,1,1,1,NA
"928","Hedera canariensis",1,1,1,1,1,NA,NA
"929","Helianthemum aganae",NA,NA,1,NA,NA,NA,NA
"930","Helianthemum aguloi",NA,NA,1,NA,NA,NA,NA
"931","Helianthemum broussonetii",NA,1,NA,1,NA,NA,NA
"932","Helianthemum bystropogophyllum",NA,NA,NA,NA,1,NA,NA
"933","Helianthemum gonzalezferreri",NA,NA,NA,NA,NA,NA,1
"934","Helianthemum inaguae",NA,NA,NA,NA,1,NA,NA
"935","Helianthemum juliae",NA,NA,NA,1,NA,NA,NA
"936","Helianthemum teneriffae",NA,NA,NA,1,NA,NA,NA
"937","Helianthemum tholiforme",NA,NA,NA,NA,1,NA,NA
"938","Helianthemum villosum",NA,NA,NA,NA,NA,1,NA
"939","Heliotropium europaeum",NA,1,NA,1,1,1,1
"940","Heliotropium supinum",NA,NA,NA,NA,NA,1,NA
"941","Heteropogon contortus",NA,NA,1,NA,1,NA,NA
"942","Himantoglossum metlesicsianum",NA,NA,NA,1,NA,NA,NA
"943","Hippocrepis constricta",1,NA,NA,NA,1,NA,NA
"944","Holcus mollis",1,NA,NA,NA,NA,NA,NA
"945","Hordeum marinum",NA,NA,NA,1,1,1,1
"946","Hypericum canariense",1,1,1,1,1,NA,NA
"947","Hypericum coadunatum",NA,NA,NA,NA,1,NA,NA
"948","Hypericum humifusum",NA,1,NA,NA,NA,NA,NA
"949","Hypericum perfoliatum",NA,NA,NA,NA,1,NA,NA
"950","Hypericum perforatum",NA,1,NA,1,NA,NA,NA
"951","Hypochaeris achyrophorus",NA,NA,NA,1,NA,NA,1
"952","Hypochaeris glabra",1,1,1,1,1,1,1
"953","Hypochaeris radicata",1,NA,1,1,NA,1,NA
"954","Ifloga spicata",1,NA,1,1,1,1,1
"955","Ilex perado",NA,1,1,1,NA,NA,NA
"956","Illecebrum verticillatum",NA,NA,NA,1,1,NA,NA
"957","Ipomoea arenaria",NA,NA,NA,NA,NA,NA,NA
"958","Isoplexis chalcantha",NA,NA,NA,NA,1,NA,NA
"959","Isoplexis isabelliana",NA,NA,NA,NA,1,NA,NA
"960","Ixanthus viscosus",1,1,1,1,1,NA,NA
"961","Juncus articulatus",NA,NA,NA,NA,1,NA,NA
"962","Juncus bufonius",1,1,1,1,1,NA,NA
"963","Juncus capitatus",1,1,1,1,1,NA,NA
"964","Juncus effusus",NA,1,1,1,1,NA,NA
"965","Juncus inflexus",NA,NA,NA,NA,1,NA,NA
"966","Juncus maritimus",NA,1,1,NA,1,NA,1
"967","Juncus striatus",NA,NA,NA,NA,1,NA,NA
"968","Kickxia elatine",NA,1,NA,1,1,NA,NA
"969","Kunkeliella canariensis",NA,NA,NA,NA,1,NA,NA
"970","Kunkeliella retamoides",NA,NA,NA,1,NA,NA,NA
"971","Lactuca palmensis",NA,1,NA,NA,NA,NA,NA
"972","Lactuca viminea",NA,1,NA,NA,1,NA,NA
"973","Lactucosonchus beltraniae",NA,1,NA,NA,NA,NA,NA
"974","Lactucosonchus webbii",NA,1,NA,NA,NA,NA,NA
"975","Lagurus ovatus",1,NA,1,1,1,NA,NA
"976","Laphangium teydeum",NA,NA,NA,1,NA,NA,NA
"977","Lapsana communis",NA,1,NA,1,NA,NA,NA
"978","Lathyrus angulatus",1,1,NA,1,1,NA,NA
"979","Lathyrus sphaericus",1,1,1,1,1,NA,NA
"980","Laurus novocanariensis",1,1,1,1,1,1,NA
"981","Lavandula minutolii",NA,NA,NA,1,1,NA,NA
"982","Lavatera brachyfolia",NA,NA,NA,NA,NA,NA,NA
"983","Legousia falcata",1,1,1,1,1,NA,NA
"984","Legousia hybrida",NA,NA,NA,1,1,NA,1
"985","Lemna gibba",1,1,1,1,1,NA,NA
"986","Lemna minor",NA,NA,1,1,1,1,1
"987","Limonium bourgeaui",NA,NA,NA,NA,NA,1,1
"988","Limonium brassicifolium",1,NA,1,NA,NA,NA,NA
"989","Limonium dendroides",NA,NA,1,NA,NA,NA,NA
"990","Limonium macrophyllum",NA,NA,NA,1,NA,NA,NA
"991","Limonium redivivum",NA,NA,1,NA,NA,NA,NA
"993","Limonium thouinii",NA,NA,NA,1,NA,1,NA
"994","Limonium vigaroense",NA,NA,NA,NA,1,NA,NA
"995","Linaria arvensis",NA,NA,NA,NA,1,1,NA
"996","Linaria micrantha",NA,NA,1,1,NA,1,1
"997","Linaria simplex",NA,NA,NA,1,1,NA,NA
"998","Linaria spartea",1,NA,NA,1,NA,NA,NA
"999","Linum strictum",1,1,1,1,1,1,1
"1000","Linum trigynum",NA,NA,NA,NA,NA,NA,NA
"1001","Logfia arvensis",NA,NA,NA,NA,1,NA,NA
"1002","Logfia minima",1,NA,NA,1,NA,NA,NA
"1003","Lolium lowei",NA,NA,NA,1,1,NA,NA
"1004","Lolium remotum",1,1,NA,1,1,NA,NA
"1005","Lolium saxatile",NA,NA,NA,NA,NA,1,1
"1006","Lolium subulatum",NA,NA,NA,NA,1,NA,NA
"1007","Lolium temulentum",1,NA,NA,1,1,1,NA
"1008","Lotus berthelotii",NA,NA,NA,1,NA,NA,NA
"1009","Lotus campylocladus",1,1,NA,1,NA,NA,NA
"1010","Lotus creticus",NA,NA,1,NA,NA,NA,NA
"1011","Lotus dumetorum",NA,NA,NA,1,NA,NA,NA
"1012","Lotus parviflorus",NA,NA,NA,NA,1,1,NA
"1013","Lotus pyranthus",NA,1,NA,NA,NA,NA,NA
"1014","Lotus spartioides",NA,NA,NA,NA,1,NA,NA
"1015","Lupinus pilosus",NA,1,NA,1,NA,NA,NA
"1016","Luzula pilosa",NA,NA,NA,1,NA,NA,NA
"1017","Malcolmia littorea",NA,NA,NA,NA,NA,1,1
"1019","Malva neglecta",1,NA,NA,1,1,1,1
"1020","Malva nicaeensis",NA,NA,1,1,1,1,1
"1021","Malva parviflora",1,1,1,1,1,1,1
"1022","Malva pusilla",1,NA,NA,1,NA,NA,NA
"1023","Marcetella moquiniana",NA,NA,1,1,1,NA,NA
"1025","Matthiola livida",NA,NA,NA,1,1,NA,NA
"1026","Maytenus senegalensis",NA,NA,NA,NA,NA,1,1
"1028","Medicago minima",1,1,1,1,1,1,1
"1029","Medicago soleirolii",NA,NA,NA,NA,1,NA,1
"1030","Medicago truncatula",1,1,1,1,1,NA,1
"1031","Micromeria benthamii",NA,NA,NA,NA,1,NA,NA
"1032","Micromeria glomerata",NA,NA,NA,1,NA,NA,NA
"1033","Micromeria helianthemifolia",NA,NA,NA,NA,1,NA,NA
"1034","Micromeria herpyllomorpha",NA,1,NA,NA,NA,NA,NA
"1035","Micromeria lachnophylla",NA,NA,NA,1,NA,NA,NA
"1036","Micromeria lanata",NA,NA,NA,NA,1,NA,NA
"1037","Micromeria lasiophylla",NA,1,NA,1,NA,NA,NA
"1038","Micromeria pineolens",NA,NA,NA,NA,1,NA,NA
"1039","Micromeria rivas-martinezii",NA,NA,NA,1,NA,NA,NA
"1040","Minuartia platyphylla",NA,NA,NA,NA,NA,1,1
"1041","Misopates calycinum",NA,NA,NA,NA,NA,NA,1
"1042","Monanthes anagensis",NA,NA,NA,1,NA,NA,NA
"1043","Monanthes brachycaulos",NA,NA,NA,1,1,NA,NA
"1044","Monanthes minima",NA,NA,NA,1,NA,NA,NA
"1045","Monanthes polyphylla",NA,1,1,1,1,NA,NA
"1046","Monanthes wildpretii",NA,NA,NA,1,NA,NA,NA
"1047","Morella rivas-martinezii",1,1,1,NA,NA,NA,NA
"1048","Myosotis discolor",1,1,1,1,1,NA,NA
"1049","Myosotis latifolia",1,1,1,1,1,NA,NA
"1050","Myosotis ramosissima",1,1,NA,1,1,NA,NA
"1051","Navaea phoenicea",NA,NA,NA,1,NA,NA,NA
"1052","Neotinea maculata",1,1,1,1,1,NA,NA
"1053","Nepeta teydea",NA,1,NA,1,NA,NA,NA
"1054","Normania nava",NA,NA,NA,1,1,NA,NA
"1055","Ochlopoa infirma",NA,1,NA,1,1,1,1
"1056","Ocotea foetens",1,1,1,1,1,NA,NA
"1057","Oenothera indecora",NA,1,NA,NA,NA,NA,NA
"1058","Olea cerasiformis",1,1,1,1,1,1,1
"1059","Olea europaea",1,1,1,1,1,NA,NA
"1060","Ononis christii",NA,NA,NA,NA,NA,1,NA
"1061","Ononis dentata",1,1,1,1,1,NA,1
"1062","Ononis mitissima",1,1,1,1,1,NA,NA
"1063","Ononis serrata",1,1,1,1,1,1,1
"1064","Ononis variegata",NA,NA,NA,NA,1,NA,NA
"1065","Ononis viscosa",1,NA,NA,NA,NA,NA,NA
"1066","Onopordon carduelium",NA,NA,NA,NA,1,NA,NA
"1067","Orchis canariensis",1,1,1,1,1,NA,NA
"1068","Orchis mascula",NA,1,NA,NA,NA,NA,NA
"1069","Orobanche berthelotii",NA,NA,NA,1,NA,NA,NA
"1070","Orobanche crenata",1,NA,NA,1,1,NA,1
"1071","Orobanche hederae",NA,1,NA,1,NA,NA,NA
"1072","Orobanche loricata",NA,NA,NA,NA,NA,NA,NA
"1073","Pallenis maritima",NA,NA,NA,NA,NA,NA,1
"1074","Panicum repens",NA,NA,1,1,1,NA,1
"1075","Papaver argemone",NA,NA,NA,NA,NA,1,1
"1076","Papaver dubium",1,1,1,1,1,1,1
"1077","Papaver hybridum",1,NA,1,1,1,1,1
"1078","Papaver pinnatifidum",1,1,1,1,1,1,1
"1079","Papaver rhoeas",1,1,1,1,1,1,1
"1080","Papaver somniferum",1,1,1,1,1,1,1
"1081","Parapholis incurva",NA,NA,NA,NA,NA,1,1
"1082","Parapholis pycnantha",NA,NA,NA,NA,1,1,NA
"1083","Parentucellia viscosa",1,1,1,1,1,NA,NA
"1084","Paronychia argentea",1,NA,NA,NA,1,NA,NA
"1085","Paronychia echinulata",NA,1,NA,NA,1,NA,NA
"1086","Pericallis appendiculata",1,1,1,1,1,NA,NA
"1087","Pericallis cruenta",1,NA,1,1,1,NA,NA
"1088","Pericallis hadrosoma",NA,NA,NA,NA,1,NA,NA
"1089","Pericallis hansenii",NA,NA,1,NA,NA,NA,NA
"1090","Pericallis multiflora",NA,NA,NA,1,NA,NA,NA
"1091","Pericallis murrayi",1,NA,NA,NA,NA,NA,NA
"1092","Pericallis tussilaginis",NA,NA,NA,1,1,NA,NA
"1093","Pericallis webbii",NA,NA,NA,NA,1,NA,NA
"1094","Petrorhagia nanteuilii",1,1,1,1,1,NA,1
"1095","Petrorhagia velutina",NA,NA,NA,NA,1,NA,NA
"1096","Phagnalon metlesicsii",NA,NA,NA,NA,NA,NA,1
"1097","Phalaris aquatica",1,1,NA,1,1,NA,NA
"1098","Pharbitis preauxii",NA,NA,NA,NA,1,NA,NA
"1099","Phelipanche purpurea",1,1,1,1,1,NA,1
"1100","Phillyrea angustifolia",NA,NA,NA,NA,1,1,1
"1101","Picconia excelsa",1,1,1,1,1,1,NA
"1102","Picris hieracioides",NA,NA,NA,NA,NA,NA,NA
"1103","Pimpinella rupicola",NA,NA,NA,1,NA,NA,NA
"1104","Piptatherum coerulescens",NA,NA,1,1,1,NA,1
"1105","Pistacia lentiscus",NA,NA,1,1,1,1,1
"1106","Plantago afra",1,1,1,1,1,1,1
"1107","Plantago amplexicaulis",1,1,1,1,1,1,1
"1108","Plantago ciliata",NA,NA,NA,NA,1,1,NA
"1109","Plantago lanceolata",1,NA,NA,1,1,NA,NA
"1110","Plantago phaeostoma",NA,NA,NA,NA,NA,1,1
"1111","Platycapnos spicata",NA,NA,NA,1,NA,1,NA
"1112","Pleiomeris canariensis",NA,1,1,1,1,NA,NA
"1113","Poa angustifolia",NA,1,1,1,NA,NA,NA
"1114","Poa leptoclada",NA,1,NA,1,NA,NA,NA
"1115","Poa pitardiana",NA,NA,1,1,1,NA,NA
"1116","Poa pratensis",NA,NA,NA,1,1,NA,NA
"1117","Poa trivialis",NA,NA,NA,1,NA,NA,1
"1118","Polycarpaea tenuis",NA,1,NA,1,NA,NA,NA
"1120","Polygonum equisetiforme",NA,NA,NA,NA,1,NA,NA
"1121","Polygonum persicaria",NA,1,NA,1,1,NA,NA
"1122","Polygonum salicifolium",NA,NA,1,1,1,NA,NA
"1123","Polypogon fugax",1,1,1,1,1,1,1
"1124","Polypogon maritimus",NA,NA,NA,1,1,1,1
"1125","Polypogon monspeliensis",1,1,1,1,1,1,1
"1126","Polypogon viridis",1,1,1,1,1,1,1
"1127","Prunus lusitanica",1,1,1,1,1,NA,NA
"1128","Pterocephalus dumetorus",NA,1,NA,1,1,NA,NA
"1129","Pterocephalus lasiospermus",NA,NA,NA,1,NA,NA,NA
"1130","Pterocephalus porphyranthus",NA,1,NA,NA,NA,NA,NA
"1131","Pterocephalus virens",NA,NA,NA,1,NA,NA,NA
"1132","Puccinellia maritima",NA,NA,NA,1,NA,NA,NA
"1133","Pulicaria arabica",NA,NA,NA,1,NA,NA,NA
"1134","Pulicaria odora",NA,NA,NA,NA,1,NA,NA
"1136","Ranunculus arvensis",NA,NA,NA,NA,1,NA,NA
"1137","Ranunculus muricatus",NA,NA,NA,1,NA,NA,NA
"1138","Ranunculus ophioglossifolius",NA,NA,NA,1,NA,NA,NA
"1139","Ranunculus parviflorus",1,1,1,1,1,NA,NA
"1140","Ranunculus peltatus",NA,NA,NA,1,NA,NA,NA
"1141","Ranunculus repens",NA,NA,NA,1,NA,NA,NA
"1142","Ranunculus sardous",NA,NA,NA,1,1,NA,NA
"1143","Ranunculus trilobus",1,1,1,1,1,NA,NA
"1144","Rapistrum rugosum",1,1,1,1,1,1,1
"1145","Reseda lutea",NA,NA,NA,NA,NA,1,NA
"1146","Rhagadiolus arenarius",NA,1,NA,1,NA,NA,1
"1147","Rhagadiolus stellatus",NA,NA,1,1,1,1,1
"1148","Rhamnus integrifolia",NA,NA,NA,1,NA,NA,NA
"1149","Rhus albida",NA,NA,NA,NA,NA,1,NA
"1150","Rosa canina",NA,1,1,1,1,NA,NA
"1151","Rostraria cristata",1,1,1,1,1,1,1
"1152","Rubus palmensis",NA,1,NA,1,1,NA,NA
"1153","Rumex maderensis",1,1,1,1,1,NA,NA
"1154","Ruta microcarpa",NA,NA,1,NA,NA,NA,NA
"1155","Ruta pinnata",NA,1,NA,1,NA,NA,NA
"1156","Sagina procumbens",1,1,NA,1,1,NA,NA
"1157","Salix canariensis",1,1,1,1,1,NA,NA
"1159","Scandix pecten-veneris",1,1,1,1,1,1,1
"1160","Schedonorus arundinaceus",NA,1,NA,1,NA,1,NA
"1161","Schismus arabicus",NA,NA,NA,1,1,NA,1
"1162","Schismus barbatus",1,1,1,1,1,1,1
"1163","Scirpus cernuus",NA,1,NA,NA,1,NA,1
"1164","Scirpus maritimus",NA,NA,NA,1,NA,1,NA
"1165","Scirpus supinus",NA,NA,NA,NA,1,NA,NA
"1166","Scirpus triqueter",NA,NA,NA,NA,NA,NA,NA
"1167","Scleranthus annuus",NA,NA,NA,1,1,NA,NA
"1168","Scolymus grandiflorus",1,NA,NA,1,NA,NA,NA
"1169","Scolymus hispanicus",1,NA,1,1,1,NA,NA
"1170","Scolymus maculatus",1,1,1,1,1,1,1
"1171","Scorzoneroides palisiae",NA,NA,NA,1,NA,NA,NA
"1172","Scrophularia calliantha",NA,NA,NA,NA,1,NA,NA
"1173","Sedum nudum",NA,NA,NA,NA,NA,NA,1
"1174","Sedum rubens",1,1,1,1,1,NA,1
"1175","Semele gayae",NA,NA,NA,NA,1,NA,NA
"1176","Senecio hermosae",NA,NA,1,NA,NA,NA,NA
"1177","Senecio palmensis",NA,1,NA,1,NA,NA,NA
"1178","Senecio teneriffae",1,1,1,1,1,NA,NA
"1179","Senecio vulgaris",1,1,1,1,1,1,1
"1180","Serapias mascaensis",NA,NA,NA,1,NA,NA,NA
"1181","Serapias parviflora",1,1,NA,1,1,NA,1
"1182","Sesleria albicans",NA,1,NA,NA,NA,NA,NA
"1183","Sherardia arvensis",1,1,1,1,1,1,1
"1184","Sideritis dasygnaphala",NA,NA,NA,NA,1,NA,NA
"1185","Sideritis discolor",NA,NA,NA,NA,1,NA,NA
"1186","Sideritis eriocephala",NA,NA,NA,1,NA,NA,NA
"1187","Sideritis ferrensis",1,NA,NA,NA,NA,NA,NA
"1188","Sideritis guayedrae",NA,NA,NA,NA,1,NA,NA
"1189","Sideritis infernalis",NA,NA,NA,1,NA,NA,NA
"1190","Sideritis macrostachys",NA,NA,NA,1,NA,NA,NA
"1191","Sideritis marmorea",NA,NA,1,NA,NA,NA,NA
"1192","Sideritis nutans",NA,NA,1,NA,NA,NA,NA
"1193","Sideritis oroteneriffae",NA,NA,NA,1,NA,NA,NA
"1194","Sideritis soluta",NA,NA,NA,1,NA,NA,NA
"1195","Sideritis sventenii",NA,NA,NA,NA,1,NA,NA
"1196","Sideroxylon canariensis",1,1,1,1,1,1,NA
"1197","Silene apetala",1,1,1,1,1,1,1
"1198","Silene bellidifolia",NA,NA,NA,NA,NA,NA,NA
"1199","Silene canariensis",NA,NA,NA,NA,1,NA,NA
"1200","Silene coelirosa",NA,NA,NA,1,NA,NA,NA
"1201","Silene colorata",NA,NA,NA,NA,NA,1,1
"1202","Silene conica",NA,NA,NA,NA,1,NA,NA
"1203","Silene conoidea",NA,NA,NA,1,NA,NA,NA
"1204","Silene cretica",NA,NA,1,NA,NA,NA,NA
"1205","Silene gallica",1,1,1,1,1,1,1
"1207","Silene inaperta",NA,NA,NA,1,1,NA,NA
"1208","Silene muscipula",NA,NA,NA,NA,NA,1,NA
"1209","Silene nocteolens",NA,NA,NA,1,NA,NA,NA
"1210","Silene nocturna",NA,NA,1,1,1,1,1
"1211","Silene nutans",1,1,1,1,NA,NA,NA
"1212","Silene obtusifolia",NA,NA,NA,NA,NA,NA,NA
"1213","Silene pogonocalyx",1,1,NA,NA,NA,NA,NA
"1214","Silene rubella",NA,NA,NA,NA,NA,NA,1
"1215","Silene sabinosae",1,NA,NA,NA,NA,NA,NA
"1216","Silene tamaranae",NA,NA,NA,NA,1,NA,NA
"1217","Silene tridentata",NA,NA,1,1,1,1,1
"1218","Silybum marianum",1,1,1,1,1,1,1
"1219","Sinapis alba",1,1,1,1,1,1,1
"1220","Sinapis arvensis",1,1,1,1,1,1,1
"1221","Sinapis flexuosa",NA,NA,1,1,NA,NA,NA
"1222","Sinapis pubescens",NA,1,NA,NA,NA,NA,NA
"1223","Sisymbrium erysimoides",1,1,1,1,1,1,1
"1224","Sisymbrium irio",1,1,1,1,1,1,1
"1225","Sisymbrium officinale",1,1,1,1,1,1,1
"1226","Smilax canariensis",NA,1,1,1,1,1,NA
"1227","Solanum luteum",1,1,1,1,1,1,NA
"1228","Solanum nigrum",1,1,1,1,1,1,1
"1229","Solanum vespertilio",NA,NA,NA,1,1,NA,NA
"1230","Solanum virgatum",NA,NA,NA,NA,NA,NA,NA
"1231","Solenopsis laurentia",NA,NA,NA,1,1,NA,NA
"1232","Sonchus gandogeri",1,NA,NA,NA,NA,NA,NA
"1233","Sonchus gummifer",NA,NA,NA,1,NA,NA,NA
"1234","Sonchus oleraceus",1,1,1,1,1,1,1
"1235","Sonchus ortunoi",NA,NA,1,NA,NA,NA,NA
"1236","Sonchus palmensis",NA,1,NA,NA,NA,NA,NA
"1237","Sonchus wildpretii",NA,NA,1,NA,NA,NA,NA
"1238","Sorbus aria",NA,1,NA,1,NA,NA,NA
"1239","Spartocytisus filipes",1,1,1,1,NA,NA,NA
"1240","Spergula arvensis",1,1,1,1,1,1,1
"1241","Spergula pentandra",1,1,NA,1,1,NA,NA
"1242","Spergularia diandra",NA,NA,NA,NA,1,1,1
"1243","Spergularia marina",NA,NA,NA,1,1,1,1
"1244","Sphenopus divaricatus",NA,NA,NA,NA,NA,1,NA
"1245","Stachys arvensis",1,1,1,1,1,1,1
"1246","Stachys germanica",NA,NA,NA,1,NA,NA,NA
"1247","Stachys ocymastrum",1,1,1,1,1,1,1
"1248","Stemmacantha cynaroides",NA,NA,NA,1,NA,NA,NA
"1249","Stipagrostis ciliata",NA,1,NA,NA,1,1,NA
"1250","Succowia balearica",NA,NA,NA,NA,NA,NA,NA
"1251","Sventenia bupleuroides",NA,NA,NA,NA,1,NA,NA
"1252","Taeniatherum caput-medusae",NA,NA,NA,1,NA,NA,NA
"1253","Tamus edulis",1,1,1,1,1,NA,NA
"1254","Teline canariensis",NA,NA,NA,1,1,NA,NA
"1255","Teline microphylla",NA,NA,NA,NA,1,NA,NA
"1256","Teline nervosa",NA,NA,NA,NA,1,NA,NA
"1257","Teline osyrioides",NA,NA,NA,1,NA,NA,NA
"1258","Teline rosmarinifolia",NA,NA,NA,NA,1,NA,NA
"1259","Teline splendens",NA,1,NA,NA,NA,NA,NA
"1260","Teline stenopetala",1,1,1,1,1,NA,NA
"1261","Thlaspi arvense",NA,NA,NA,1,NA,NA,NA
"1262","Thymus origanoides",NA,NA,NA,NA,NA,NA,1
"1263","Tolpis calderae",NA,1,NA,NA,NA,NA,NA
"1264","Tolpis coronopifolia",NA,1,NA,1,1,NA,NA
"1265","Tolpis glabrescens",NA,NA,NA,1,NA,NA,NA
"1266","Tolpis laciniata",1,1,1,1,NA,NA,NA
"1267","Tolpis lagopoda",NA,1,NA,1,1,NA,NA
"1268","Tolpis proustii",1,NA,1,NA,NA,NA,NA
"1269","Tolpis webbii",NA,NA,NA,1,NA,NA,NA
"1270","Torilis elongata",1,1,1,1,1,1,1
"1271","Torilis leptophylla",1,1,1,1,NA,1,1
"1272","Torilis nodosa",1,1,1,1,1,1,1
"1273","Torilis webbii",NA,NA,NA,1,NA,1,1
"1274","Trachynia distachya",1,1,1,1,1,1,1
"1275","Tragopogon porrifolius",NA,NA,1,1,1,NA,NA
"1276","Trifolium angustifolium",1,1,1,1,1,1,1
"1277","Trifolium bocconei",1,1,1,1,NA,NA,NA
"1278","Trifolium cherleri",1,1,1,1,1,NA,NA
"1279","Trifolium dubium",1,1,1,1,1,1,NA
"1280","Trifolium fragiferum",NA,NA,NA,1,1,NA,NA
"1281","Trifolium glomeratum",1,1,1,1,1,1,1
"1282","Trifolium lappaceum",NA,NA,1,1,NA,NA,1
"1283","Trifolium ligusticum",1,1,1,1,1,NA,NA
"1284","Trifolium micranthum",NA,1,NA,NA,NA,NA,NA
"1285","Trifolium resupinatum",NA,NA,1,1,1,NA,NA
"1286","Trifolium scabrum",1,1,1,1,1,1,1
"1287","Trifolium spumosum",NA,NA,NA,NA,1,NA,NA
"1288","Trifolium squamosum",NA,1,1,NA,NA,NA,NA
"1289","Trifolium squarrosum",NA,1,1,1,1,NA,NA
"1290","Trifolium stellatum",NA,1,1,1,1,1,1
"1291","Trifolium striatum",1,1,1,1,1,1,NA
"1292","Trifolium subterraneum",1,1,1,1,1,NA,NA
"1293","Trifolium suffocatum",1,NA,NA,1,1,NA,NA
"1294","Trigonella monspeliaca",NA,NA,NA,NA,NA,NA,1
"1295","Trisetaria loeflingiana",NA,1,NA,NA,NA,1,1
"1296","Trisetaria panicea",1,1,1,1,1,1,1
"1297","Trisetum tamonanteae",NA,NA,NA,NA,NA,1,NA
"1298","Tuberaria guttata",1,1,1,1,1,1,1
"1299","Tuberaria lignosa",NA,1,NA,1,NA,NA,NA
"1300","Typha domingensis",NA,NA,1,1,1,1,NA
"1301","Umbilicus gaditanus",1,1,1,1,1,1,1
"1302","Umbilicus heylandianus",NA,1,NA,NA,1,NA,NA
"1303","Urtica morifolia",1,1,1,1,1,NA,NA
"1304","Valantia hispida",1,1,1,1,1,1,1
"1305","Veronica arvensis",1,1,1,1,1,1,1
"1306","Veronica beccabunga",NA,NA,NA,1,1,NA,NA
"1307","Veronica hederifolia",NA,NA,NA,1,1,NA,NA
"1308","Veronica serpyllifolia",NA,NA,NA,1,NA,NA,NA
"1309","Vicia angustifolia",1,1,1,1,1,1,1
"1310","Vicia disperma",1,1,1,1,1,NA,NA
"1311","Vicia lutea",1,1,1,1,1,1,1
"1312","Vicia monantha",1,1,NA,1,1,NA,1
"1313","Vicia parviflora",1,1,1,1,1,1,1
"1314","Vicia pubescens",1,1,1,1,1,1,NA
"1315","Vicia sativa",1,NA,1,NA,NA,NA,1
"1316","Vicia scandens",NA,NA,NA,1,NA,NA,NA
"1317","Viola anagae",NA,NA,NA,1,NA,NA,NA
"1318","Viola arvensis",NA,1,1,1,NA,NA,NA
"1319","Viola cheiranthifolia",NA,NA,NA,1,NA,NA,NA
"1320","Viola kitaibeliana",NA,NA,NA,1,NA,NA,NA
"1321","Viola odorata",NA,1,1,1,1,NA,NA
"1322","Viola palmensis",NA,1,NA,NA,NA,NA,NA
"1323","Viola riviniana",1,1,1,1,NA,NA,NA
"1324","Volutaria tubuliflora",1,NA,NA,1,NA,NA,1
"1325","Vulpia alopecuros",NA,NA,NA,1,1,NA,NA
"1326","Vulpia bromoides",1,1,1,1,1,1,NA
"1327","Vulpia ciliata",1,NA,NA,1,NA,NA,1
"1328","Vulpia geniculata",NA,NA,NA,NA,1,NA,NA
"1329","Vulpia membranacea",1,NA,NA,NA,1,NA,NA
"1330","Vulpia myuros",1,1,1,1,1,1,1
"1332","Withania somnifera",NA,1,1,1,1,NA,NA
"1333","Zannichellia palustris",NA,NA,1,1,1,1,NA
