Family,Genus ,Species,littoral,Used_for_the_AoB_paper,origin,Taxon_Status,#Islands,Espanola,Fernandina,Floreana,Genovesa,Isabela,Marchena,Pinta,Pinzon,San_Cristobal,Santa_Cruz,Santa_Fe,Santiago,Introductions,Fruit_type,UNS,END,EPI,THA,ANE,Used_for_the_AoB_paper,littoral
Malvaceae,Abutilon,depauperatum,,,En,8,12,1,1,1,1,1,1,1,1,1,1,1,1,1,Schizocarp,1,0,0,0,0,,
Mimosaceae,Acacia,insulae-iacobi,,,Id,1,3,,,,,,,,,1,1,,1,3,Pod,0.5,0,0,0.5,0,,
Mimosaceae,Acacia,macracantha,,,Id,1,6,,,1,,1,,,1,1,1,,1,3,Pod,0.5,0,0,0.5,0,,
Mimosaceae,Acacia,rorudiana,,,EnQ,1,7,1,,1,,1,,,1,1,1,,1,3,Pod,0.5,0,0,0.5,0,,
Euphorbiaceae,Acalypha,abingdonii,,,En,1,2,,,,,,1,1,,,,,,1,Capsule,1,0,0,0,0,,
Euphorbiaceae,Acalypha,flacida,,,En,1,1,,,,,,,,,,1,,,1,Capsule,1,0,0,0,0,,
Euphorbiaceae,Acalypha,wigginsii,,,En,1,2,,,,,1,,,,,1,,,1,Capsule,1,0,0,0,0,,
Euphorbiaceae,Acalypha,parvula,,,En,1,3,,,,,1,,,,,1,,1,1,Capsule,1,0,0,0,0,,
Euphorbiaceae,Acalypha,aff. sericea,,,NoData,4,1,,,,,,,,,,1,,,1,Capsule,1,0,0,0,0,,
Euphorbiaceae,Acalypha,velutina,,,NoData,1,1,,,,,,,,,,1,,,1,Capsule,1,0,0,0,0,,
Euphorbiaceae,Acalypha,baurii,,,En,1,6,,1,,,1,,1,,1,1,,1,1,Capsule,1,0,0,0,0,,
Asteraceae,Acmella,darwinii,,,En,1,5,,,1,,1,,1,,1,,,1,,Achene,0.5,0,0.5,0,0,,
Asteraceae,Acanthospermum,,,,,,,,,,,,,,,,,,,,,,,1,,,,
Asteraceae,Ageratum,conyzoides,,,Id,1,6,,,1,,1,,1,,1,1,,1,1,Achene,0,0,1,0,0,,
Amaranthaceae,Alternanthera,rugulosa,,,Id,1,1,,,,,,,,,1,,,,4,Utricle,1,0,0,0,0,,
Amaranthaceae,Alternanthera,helleri,,,En,1,0,,,,,,,,,,,,,4,Utricle,1,0,0,0,0,,
Amaranthaceae,Alternanthera,nesiotes,,,En,1,1,,,1,,,,,,,,,,4,Utricle,1,0,0,0,0,,
Amaranthaceae,Alternanthera,snodgrassii,,,En,1,1,,,,,,,,,,1,,,4,Utricle,1,0,0,0,0,,
Amaranthaceae,Alternanthera,flavicoma,,,En,1,3,1,,,,1,,,,1,,,,4,Utricle,1,0,0,0,0,,
Amaranthaceae,Alternanthera,galapagensis,,,En,1,3,,,1,,,,,,,1,,1,4,Utricle,1,0,0,0,0,,
Amaranthaceae,Alternanthera,filifolia,,,En,1,10,1,1,1,,1,,1,1,1,1,1,1,4,Utricle,1,0,0,0,0,,
Amaranthaceae,Alternanthera,vestita,,,Id,1,2,,,,,1,,,,,1,,,4,Utricle,1,0,0,0,0,,
Amaranthaceae,Alternanthera,halimifolia,,,Id,1,6,,1,,,1,,1,,1,1,,1,4,Utricle,1,0,0,0,0,,
Amaranthaceae,Alternanthera,echinocephala,,,Id,1,9,1,,1,,1,,1,1,1,1,1,1,4,Utricle,1,0,0,0,0,,
Amaranthaceae,Amaranthus,hybridus,,,NoData,1,1,,,,,,,,,,1,,,2,Utricle,1,0,0,0,0,,
Amaranthaceae,Amaranthus,anderssonii,,,En,1,7,1,,1,,1,,,1,,1,1,1,2,Utricle,1,0,0,0,0,,
Amaranthaceae,Amaranthus,furcatus,,,En,1,3,,,,,1,,,,,1,,1,2,Utricle,1,0,0,0,0,,
Amaranthaceae,Amaranthus,sclerantoides,,,En,1,10,1,,1,1,1,,1,1,1,1,1,1,2,Utricle,1,0,0,0,0,,
Amaranthaceae,Amaranthus,squamulatus,,,Id,1,7,,,1,1,1,,,1,,1,1,1,2,Utricle,1,0,0,0,0,,
Basellaceae,Anredera,ramosa,,,Id,1,6,,1,1,,1,,,1,1,1,,,1,Drupe,0,1,0,0,0,,
Apiaceae,Apium,,,,,,,,,,,,,,,,,,,,,0.5,,,0.5,,,
Poaceae,Aristida,villosa,,,En,1,5,,,1,,,,,1,,1,1,1,1,Caryopside,0,0,0,0,1,,
Poaceae,Aristida,divulsa,,Two syndromes,En,1,7,,1,,,1,1,1,,1,1,,1,1,Caryopside,0,0,0.5,0,0.5,Two syndromes,
Poaceae,Aristida,repens,,,En,1,10,,1,1,1,1,1,1,,1,1,1,1,1,Caryopside,0,0,0,0,1,,
Poaceae,Aristida,subspicata,,,En,1,12,1,1,1,1,1,1,1,1,1,1,1,1,1,Caryopside,0,0,0,0,1,,
,Astrephia,,,,,,,,,,,,,,,,,,,,,1,,,,,,
Chenopodiaceae,Atriplex,peruviana,exclusive,Two syndromes,Id,1,3,1,,,,,,,1,,1,,,1,Utricle,0,0.5,0,0.5,0,Two syndromes,exclusive
Verbenaceae,Avicennia,germinans,exclusive,,Id,1,9,1,1,1,,1,,,1,1,1,1,1,1,Capsule,0,0,0,1,0,,exclusive
Asteraceae,Baccharis,steetzii,,,En,1,5,,,1,,1,,,,1,1,,1,2,Achene,0,0,0,0,1,,
Asteraceae,Baccharis,gnidiifolia,,,NaQ,1,4,,1,1,,1,,,,,,,1,,Achene,0,0,0,0,1,,
Malvaceae,Bastardia,viscosa,,,Id,1,9,1,,1,,1,,1,1,1,1,1,1,1,Schizocarp,1,0,0,0,0,,
Batidaceae,Batis,maritima,exclusive,,Id,1,6,1,,1,,1,,,,1,1,,1,1,Drupe-like,0,0,0,1,0,,exclusive
Asteraceae,Bidens,pilosa,,,NaQ,1,6,,1,1,,1,,,,1,1,,1,2,Achene,0,0,1,0,0,,
Asteraceae,Bidens,riparia,,,Id,1,6,1,1,1,,1,,,,,1,,1,2,Achene,0,0,1,0,0,,
Asteraceae,Blainvillea,dichotoma,,,Id,8,10,1,1,1,,1,,1,1,1,1,1,1,1,Achene,0,0,1,0,0,,
Acanthaceae,Blechum,puberulum,,,NaQ,,,,1,1,,1,,1,1,1,1,,1,,Capsule,1,0,0,0,0,,
Acanthaceae,Blechum,pyramidatum,,,Id,1,7,,1,1,,1,,1,,1,1,,1,1,Capsule,1,0,0,0,0,,
Acanthaceae,Blechum,polypodioides,,,NaQ,1,7,,,1,,1,,1,1,1,1,,1,,,1,0,0,0,0,,
Amaranthaceae,Blutaparon,rigidum,,,En,1,1,,,,,,,,,,,,1,1,Achene,1,0,0,0,0,,
Nyctaginaceae,Boerhavia,erecta,,,Id,1,9,1,1,1,,1,,1,,1,1,1,1,,Anthocarp,1,0,0,0,0,,
Nyctaginaceae,Boerhavia,coccinea,,,Id,1,9,1,1,1,,1,,1,,1,1,1,1,,Anthocarp,0,0,1,0,0,,
Rubiaceae,Borreria,perpusilla,,,En,1,5,,,1,,,,,,1,1,1,1,1,Capsule,1,0,0,0,0,,
Rubiaceae,Borreria,linearifolia,,,En,1,6,,1,1,,1,,1,,,,1,1,1,Capsule,1,0,0,0,0,,
Rubiaceae,Borreria,suberecta,,,En,1,8,,1,,,1,1,1,1,1,,1,1,1,Capsule,1,0,0,0,0,,
Rubiaceae,Borreria,ericaefolia,,,En,1,9,,1,1,1,1,,1,1,1,,1,1,1,Capsule,1,0,0,0,0,,
Rubiaceae,Borreria,rotundifolia,,,En,1,1,,,,,,,,,,1,,,1,Capsule,1,0,0,0,0,,
Rubiaceae,Borreria,dispersa,,,NaQ,1,6,,,1,,1,,1,1,1,1,,1,,,1,0,0,0,0,,
Poaceae,Bouteloua,disticha,,,NaQ,1,10,1,1,1,,1,,1,1,1,1,1,1,1,Caryopside,0,0,1,0,0,,
Apiaceae,Bowlesia,palmata,,,Id,1,2,,1,,,,,,,,1,,,1,Schizocarp,0.5,0,0.5,0,0,,
Poaceae,Brachiaria,multiculma,,,En,1,11,1,1,1,1,1,,1,1,1,1,1,1,,,1,0,0,0,0,,
Cactaceae,Brachycereus,nesioticus,,,En,1,6,,1,,1,1,,1,,,1,,1,1,Berry,0,1,0,0,0,,
Asteraceae,Brickellia,diffusa,,,Id,1,5,,1,,,1,,,1,,1,,1,1,Achene,0,0,0,0,1,,
,Buddleja,,,,,,,,,,,,,,,,,,,,,,,,,1,,
Cyperaceae,Bulbostylis,juncoides,,,Id,1,8,,1,1,,1,1,1,,1,1,,1,1,Achene,1,0,0,0,0,,
Burseraceae,Bursera,graveolens,,,Id,1,11,1,1,1,1,1,1,1,,1,1,1,1,1,Drupe,0,1,0,0,0,,
Portulacaceae,Calandrinia,galapagosa,,,En,1,1,,,,,,,,,1,,,,,Capsule,1,0,0,0,0,,
Scrophulariaceae,Calceolaria,meistantha,,,Id,1,2,,1,,,1,,,,,,,,1,Capsule,1,0,0,0,0,,
,Callitriche,,,,,,,,,,,,,,,,,,,,,,,,,,,
Fabaceae,Canavalia,rosea/MARITIMA,exclusive,,Id,1,4,,,,,1,1,1,,,,,1,,,0,0,0,1,0,,
Cannaceae,Canna,lambertii,,,Id,1,2,,,,,,,,,,1,,1,1,Capsule,0.5,0,0,0.5,0,,
Scrophulariaceae,Capraria,biflora,,,Id,1,5,,,1,,1,,,1,1,1,,,2,Capsule,1,0,0,0,0,,
Scrophulariaceae,Capraria,peruviana,,,Id,1,6,,,1,,1,,,1,1,1,,1,2,Capsule,1,0,0,0,0,,
Solanaceae,Capsicum,galapagoense,,,En,1,2,,,,,1,,,,,1,,,1,Berry,0,1,0,0,0,,
Sapindaceae,Cardiospermum,galapageium,,Two syndromes,En,1,5,,,1,,1,,,,1,1,,1,1,Capsule,0,0,0,0.5,0.5,Two syndromes,
Sapindaceae,Cardiospermum,corindum,,Two syndromes,Id,1,6,,,1,,1,,,1,1,1,,1,1,Capsule,0,0,0,0.5,0.5,Two syndromes,
Simaroubaceae,Castela,galapageia,presence,,En,1,11,1,1,1,,1,1,1,1,1,1,1,1,1,Drupe,0,1,0,0,0,,
Scrophulariaceae,Castilleja,arvensis,,,Id,1,3,,1,,,1,,,,,1,,,1,Capsule,1,0,0,0,0,,
Poaceae,Cenchrus,platyacanthus,,,En,1,11,1,1,1,1,1,1,1,,1,1,1,1,1,Caryopside,0,0,1,0,0,,
Apiaceae,Centella,asiatica,,,Id,1,5,,,,,1,,,1,1,1,,1,1,Schizocarp,1,0,0,0,0,,
,Ceratophyllum,,,,,,,,,,,,,,,,,,,,,,0.5,,0.5,,,
Euphorbiaceae,Chamaesyce,abdita,,,En,1,4,1,,,1,,,,,,1,1,,1,Capsule,1,0,0,0,0,,
Euphorbiaceae,Chamaesyce,galapageia,,,En,1,6,,1,1,,1,,1,,,1,,1,1,Capsule,1,0,0,0,0,,
Euphorbiaceae,Chamaesyce,nummularia,,,En,1,9,1,,1,1,1,,1,,1,1,1,1,1,Capsule,1,0,0,0,0,,
Euphorbiaceae,Chamaesyce,viminea,,,En,1,10,,1,1,1,1,1,1,,1,1,1,1,1,Capsule,1,0,0,0,0,,
Euphorbiaceae,Chamaesyce,amplexicaulis,,,En,1,11,1,,1,1,1,1,1,1,1,1,1,1,1,Capsule,1,0,0,0,0,,
Euphorbiaceae,Chamaesyce,recurva,,,En,1,11,1,1,1,1,1,,1,1,1,1,1,1,1,Capsule,1,0,0,0,0,,
Euphorbiaceae,Chamaesyce,punctulata,,,En,1,11,1,1,1,,1,1,1,1,1,1,1,1,1,Capsule,1,0,0,0,0,,
Rubiaceae,Chiococca,alba,,,Id,1,10,1,1,1,,1,1,1,1,1,1,,1,1,Drupe,0,1,0,0,0,,
,Chloris,,,,,,,,,,,,,,,,,,,,,,,0.5,,0.5,,
Asteraceae,Chrysanthellum,pusillum,presence,,En,1,7,1,1,1,,1,,,,1,1,,1,1,Achene,1,0,0,0,0,,
Menispermaceae,Cissampelos,glaberrima,,,Id,1,2,,,,,,,,,,1,,1,2,Drupe,0,0.5,0.5,0,0,,
Menispermaceae,Cissampelos,pareira,,Two syndromes,Id,1,8,,1,1,,1,,1,1,1,1,,1,2,Drupe,0,0.5,0.5,0,0,Two syndromes,
Vitaceae,Cissus,verticillata,,,Id,1,6,,1,1,,1,1,,,1,1,,,1,Berry,0,1,0,0,0,,
Verbenaceae,Clerodendrum,molle,,,Id,1,5,,,1,,1,,,,1,1,,1,,,0,0,0,1,0,,
Commelinaceae,Commelina,diffusa,,,Id,1,8,,1,1,,1,,1,1,1,1,,1,1,Capsule,1,0,0,0,0,,
Nyctaginaceae,Commicarpus,tuberosus,,Two syndromes,Id,1,8,1,,1,1,1,,,1,1,1,,1,1,Achene,0,0,0.5,0.5,0,Two syndromes,
Combretaceae,Conocarpus,erectus,exclusive,Two syndromes,Id,1,7,,1,,,1,1,1,,1,1,,1,1,Drupe-like,0,0,0,0.5,0.5,Two syndromes,exclusive
,Convolvulus,,,,,,,,,,,,,,,,,,,,,,,,,,,
Tiliaceae,Corchorus,orinocensis,,,Id,1,7,1,1,1,,1,,1,1,,1,,,1,Capsule,1,0,0,0,0,,
Boraginaceae,Cordia,polycephala,,,Id,1,1,,,,,1,,,,,,,,2,Drupe,0,1,0,0,0,,
Boraginaceae,Cordia,revoluta,,,En,1,4,,1,1,,1,,,,,,,1,2,Drupe,0,1,0,0,0,,
Boraginaceae,Cordia,leucophlyctis,,,En,1,6,,1,1,,1,,,,1,1,,1,,,0,1,0,0,0,,
Boraginaceae,Cordia,scouleri,,,En,1,6,,,1,,1,,1,,1,1,,1,2,Drupe,0,1,0,0,0,,
Boraginaceae,Cordia,anderssonii,,,En,1,8,1,,1,,1,,1,1,1,1,,1,2,Drupe,0,1,0,0,0,,
Boraginaceae,Cordia,lutea,,Two syndromes,Id,1,11,1,,1,1,1,1,1,1,1,1,1,1,2,Drupe,0,0.5,0.5,0,0,Two syndromes,
,Coronopus,,,,,,,,,,,,,,,,,,,,,1,,,,,,
Orchidaceae,Cranichis,schlimii,,,Id,1,2,,1,1,,,,,,,,,,3,Capsule,0,0,0,0,1,,
Orchidaceae,Cranichis,lichenophila,,,En,1,1,,,,,1,,,,,,,,3,Capsule,0,0,0,0,1,,
Orchidaceae,Cranichis,werffii,,,EnQ,1,2,,,,,1,,,,,1,,,3,Capsule,0,0,0,0,1,,
,Crassula,,,,,,,,,,,,,,,,,,,,,1,,,,,,
Convolvulaceae,Cressa,truxillensis,,,Id,1,1,,,,,,,,,1,,,,1,Capsule,1,0,0,0,0,,
Fabaceae,Crotalaria,incana,,,Id,1,8,,1,,,1,1,1,,1,1,1,1,2,Pod,1,0,0,0,0,,
Fabaceae,Crotalaria,pumila,,,Id,1,10,1,1,1,,1,,1,1,1,1,1,1,2,Pod,1,0,0,0,0,,
Euphorbiaceae,Croton,scouleri,,,En,1,12,1,1,1,1,1,1,1,1,1,1,1,1,1,Capsule,1,0,0,0,0,,
Nyctaginaceae,Cryptocarpus,pyriformis,exclusive,,Id,1,12,1,1,1,1,1,1,1,1,1,1,1,1,1,Achene,0,0,0,1,0,,presence
Lythraceae,Cuphea,carthagenensis,,,Id,1,4,,,,,1,,,,1,1,,1,1,Capsule,0,0,0,1,0,,
Convolvulaceae,Cuscuta,gymnocarpa,,,En,1,7,1,1,1,1,1,,,,,1,,1,2,Capsule,1,0,0,0,0,,
Convolvulaceae,Cuscuta,acuta,,,En,1,8,1,1,1,1,1,1,,,,1,,1,2,Capsule,1,0,0,0,0,,
Orchidaceae,Cyclopogon,werffii,,,En,1,1,,,,,,,,,,1,,,,Capsule,0,0,0,0,1,,
Apiaceae,Cyclospermum,laciniatum,,,Id,1,6,,,1,,1,,1,,1,1,,1,,,1,0,0,0,0,,
Cyperaceae,Cyperus,laevigatus,presence,,Id,1,2,,,,,1,,,,,1,,,14,Achene,0.5,0,0,0.5,0,,presence
,Cyperus ,brevifolius,presence,,,,,,,,,,,,,,,,,,,,,,,,,
Cyperaceae,Cyperus,distans,,,Id,1,3,,,1,,1,,,,,1,,,14,Achene,0.5,0,0,0.5,0,,
Cyperaceae,Cyperus,elegans,exclusive,,En,1,7,1,,1,1,,,,1,1,1,1,,14,Achene,0.5,0,0,0.5,0,,presence
Cyperaceae,Cyperus,anderssonii,,,En,1,12,1,1,1,1,1,1,1,1,1,1,1,1,14,Achene,0.5,0,0,0.5,0,,
Cyperaceae,Cyperus,virens,,,Id,1,4,,,,,1,,,,1,1,,1,14,Achene,0.5,0,0,0.5,0,,
Cyperaceae,Cyperus,grandifolius,,,En,1,3,,,1,,,,,,1,1,,,14,Achene,0.5,0,0,0.5,0,,
Cyperaceae,Cyperus,esculentus,presence,,Id,1,5,,,1,,1,,,,1,1,,1,14,Achene,0.5,0,0,0.5,0,,presence
Cyperaceae,Cyperus,ligularis,presence,,Id,1,6,,1,1,,1,1,1,,,1,,,14,Achene,0.5,0,0,0.5,0,,presence
Cyperaceae,Cyperus,squarrosus,,,Id,1,11,1,1,1,1,1,1,1,,1,1,1,1,14,Achene,0.5,0,0,0.5,0,,
Cyperaceae,Cyperus,confertus,,,Id,1,12,1,1,1,1,1,1,1,1,1,1,1,1,14,Achene,0.5,0,0,0.5,0,,
Fabaceae,Dalea,tenuicaulis,,,En,1,5,,,1,,1,,,,1,1,,1,1,Pod,1,0,0,0,0,,
Asteraceae,Erigeron,alternifolius,,,En,1,1,,,,,1,,,,,,,,,,0,0,0,0,1,,
Asteraceae,Darwiniothamnus,lancifolius,,,En,1,3,,1,,,1,,,,,1,,,,,0,0,0,0,1,,
Asteraceae,Darwiniothamnus,tenuifolius,,,En,1,4,,,1,,1,,,1,,1,,,,,0,0,0,0,1,,
Asteraceae,Delilia,inelegans,,,En,1,2,,,1,,,,,,,1,,,,,0,0,0,0,1,,
Asteraceae,Delilia,repens,,,En,1,5,,1,,,1,,1,,,1,,1,,,0.5,0,0.5,0,0,,
Mimosaceae,Desmanthus,virgatus,,,Id,1,7,1,,1,,1,,1,1,1,1,,,1,Pod,1,0,0,0,0,,
Fabaceae,Desmodium,procumbens,,,Id,1,12,1,1,1,1,1,1,1,1,1,1,1,1,4,Pod,0,0,1,0,0,,
Convolvulaceae,Dichondra,microcalyx,,,Id,1,7,,1,1,,1,,1,,1,1,,1,1,Capsule,1,0,0,0,0,,
Acanthaceae,Dicliptera,peruviana,,,Id,1,3,,1,,,1,,,,,,,1,1,Capsule,1,0,0,0,0,,
,Digitaria,,,,,,,,,,,,,,,,,,,,,,,,,,,
Rubiaceae,Diodia,radula,,,Id,1,6,,1,1,,1,,,,1,1,,1,,,0,0,0,1,0,,
Poaceae,Distichlis,spicata,,,Id,1,1,,,,,1,,,,,,,,1,Caryopside,1,0,0,0,0,,
Sapindaceae,Dodonaea,viscosa,,Two syndromes,En,1,3,,,,,1,,1,,1,,,,2,Capsule,0,0,0,0.5,0.5,Two syndromes,
Caryophyllaceae,Drymaria,monticola,,,En,1,2,,,,,,,,,,1,,1,3,Capsule,1,0,0,0,0,,
Caryophyllaceae,Drymaria,rotundifolia,,,Id,1,2,,1,,,1,,,,,,,,3,Capsule,1,0,0,0,0,,
Caryophyllaceae,Drymaria,cordata,,,Id,1,5,,,1,,1,,,,1,1,,1,3,Capsule,1,0,0,0,0,,
Verbenaceae,Duranta,erecta,,,Id,1,3,,,,,1,,,,1,1,,,3,Drupe-like,0,1,0,0,0,,
Verbenaceae,Duranta,dombeyana,,,Id,1,4,,1,1,,1,,,,1,,,,3,Drupe-like,0,1,0,0,0,,
Verbenaceae,Duranta,mutisii,,,Id,1,1,,,,,,,,1,,,,,3,Drupe-like,0,1,0,0,0,,
Asteraceae,Eclipta,prostrata,,,Id,1,5,,,1,,1,,,,1,1,,1,1,Achene,0,0,1,0,0,,
Cucurbitaceae,Elaterium,carthagenense,,,Id,1,3,,,,,1,,1,,,,,1,1,Capsule,1,0,0,0,0,,
Cyperaceae,Eleocharis,maculosa,,,Id,1,4,,,,,1,,,,1,1,,1,6,Achene,1,0,0,0,0,,
Cyperaceae,Eleocharis,mutata,,,Id,1,4,,,,,1,,,,1,1,,1,6,Achene,1,0,0,0,0,,
Cyperaceae,Eleocharis,atropurpurea,presence,,Id,1,3,,,,,1,,,,1,1,,,6,Achene,1,0,0,0,0,,presence
Cyperaceae,Eleocharis,acutangula,,,Id,1,4,,,1,,,,,,1,1,,1,6,Achene,1,0,0,0,0,,
Cyperaceae,Eleocharis,montana,,,Id,1,5,,,1,,1,,,,1,1,,1,6,Achene,1,0,0,0,0,,
Cyperaceae,Eleocharis,sellowiana,,,Id,1,5,,,1,,1,,,,1,1,,1,6,Achene,1,0,0,0,0,,
Asteraceae,Encelia,hispida,,,En,1,5,,,1,,1,,,,1,,1,1,1,Achene,0,0,1,0,0,,
Asteraceae,Enydra,sessilifolia,,,Id,1,2,,,,,,,,,1,1,,,1,Achene,1,0,0,0,0,,
Asteraceae,Enydra,maritima,,,Id,1,3,,,,,,,,,1,1,,1,1,Achene,1,0,0,0,0,,
Orchidaceae,Epidendrum,spicatum,,,En,1,6,,,1,,1,,1,,1,1,,1,1,Capsule,0,0,0,0,1,,
Poaceae,Eragrostis,pastoensis,,,Id,1,3,,1,,,,1,1,,,,,,4,Caryopside,0,0,0,0,0,,
Poaceae,Eragrostis,mexicana,,,Id,1,5,,1,,,1,1,1,,,1,,,4,Caryopside,0,0,0,0,0,,
Poaceae,Eragrostis,ciliaris,,,Id,1,12,1,1,1,1,1,1,1,1,1,1,1,1,4,Caryopside,1,0,0,0,0,,
Poaceae,Eriochloa,pacifica,,,Id,1,2,,,,,,,,,1,1,,,1,Caryopside,0,0,1,0,0,,
Fabaceae,Erythrina,velutina,,,Id,1,4,,,,1,1,,,,,1,,1,1,Pod,0,0,0,1,0,,
Orchidaceae,Erythrodes,weberiana,,,Id,1,1,,,,,,,1,,,,,,1,Capsule,0,0,0,0,1,,
Asteraceae,Eupatorium,pycnocephalum,,,In,1,1,,,,,,,,,,1,,,1,Achene,0,0,0,0,1,,
Asteraceae,Eupatorium,solidagioides,,,Id,1,1,,,,,1,,,,,,,,1,Achene,0,0,0,0,1,,
Euphorbiaceae,Euphorbia,parviflora,,,NoData,1,1,,,,,,,,,,1,,,1,Capsule,1,0,0,0,0,,
Convolvulaceae,Evolvulus,convolvuloides,,,Id,1,9,1,,1,,1,,1,1,1,1,1,1,2,Capsule,1,0,0,0,0,,
Convolvulaceae,Evolvulus,simplex,,,Id,1,9,1,,1,1,1,,,1,1,1,1,1,2,Capsule,1,0,0,0,0,,
Solanaceae,Exodeconus,miersii,,Two syndromes,Id,1,12,1,1,1,1,1,1,1,1,1,1,1,1,,,0,0.5,0,0.5,0,Two syndromes,
Cyperaceae,Fimbristylis,dichotoma,,,Id,1,8,1,,1,,1,1,,,1,1,1,1,,,1,0,0,0,0,,
Amaranthaceae,Froelichia,juncea,,,En,1,3,,,,,1,,,,,1,,1,1,Utricle,0,0,0,0,1,,
Amaranthaceae,Froelichia,nudicaulis,,,En,1,7,,1,1,,1,,,1,1,1,,1,1,Utricle,0,0,0,0,1,,
Malvaceae,Fuertesimalva,insularis,,,En,1,3,,1,,,1,,,,,1,,,,,1,0,0,0,0,,
Fabaceae,Galactia,striata,,,Id,1,10,1,1,1,,1,,1,1,1,1,1,1,2,Pod,1,0,0,0,0,,
Asteraceae,Galinsoga,gnidiifolia,,,Id,1,4,,1,1,,1,,,,,,,1,,,0,0,1,0,0,,
Rubiaceae,Galium,galapagoense,,,En,1,5,,,1,,1,,,,1,1,,1,2,Schizocarp ,0,0,1,0,0,,
Scrophulariaceae,Galvezia,leucantha,,,En,1,3,,1,,,1,,,,,,,1,1,Capsule,1,0,0,0,0,,
,Geofrea,,,,,,,,,,,,,,,,,,,,,0.5,,,0.5,,,
,Gnaphalium,,,,,,,,,,,,,,,,,,,,,,,,,1,,
Malvaceae,Gossypium,klotzschianum,,Two syndromes,En,1,4,,,,,1,1,,,1,1,,,2,Capsule,0,0,0,0.5,0.5,Two syndromes,
Malvaceae,Gossypium,darwinii,,Two syndromes,En,1,10,1,1,1,,1,1,1,1,1,1,,1,2,Capsule,0,0,0,0.5,0.5,Two syndromes,
Orchidaceae,Govenia,utriculata,,,Id,1,2,,,,,,,1,,,1,,,1,Capsule,0,0,0,0,1,,
Solanaceae,Grabowskia,boerhaaviaefolia,presence,,Id,1,8,1,,1,,,,1,1,1,1,1,1,1,nutlet,0,1,0,0,0,,presence
Orchidaceae,Habenaria,distans,,,Id,1,2,,,,,1,,,,,1,,,3,Capsule,0,0,0,0,1,,
Orchidaceae,Habenaria,alata,,,Id,1,3,,1,,,1,,,,,,,1,3,Capsule,0,0,0,0,1,,
Orchidaceae,Habenaria,monorrhiza,,,Id,1,4,,,,,1,,,,1,1,,1,3,Capsule,0,0,0,0,1,,
Boraginaceae,Heliotropium,indicum,,,Id,1,3,,,1,,,,,,1,1,,,4,Nutlet,1,0,0,0.5,0,,
Boraginaceae,Heliotropium,anderssonii,,,En,1,1,,,,,,,,,,1,,,4,Nutlet,0,0,1,0,0,,
Boraginaceae,Heliotropium,curassavicum,exclusive,,Id,1,10,1,,1,1,1,1,1,1,1,1,,1,4,Nutlet,1,0,0,0,0,,exclusive
Boraginaceae,Heliotropium,angiospermum,,,Id,1,11,1,1,1,1,1,,1,1,1,1,1,1,4,Nutlet,1,0,0,0,0,,
Cyperaceae,Hemicarpha,micrantha,,,,,,,,,,,,,,,,,,,,,,,,,,
Malvaceae,Herissantia,crispa,,,Id,1,6,,,1,,1,,1,,1,1,,1,1,Schizocarp ,1,0,0,0,0,,
Malvaceae,Hibiscus,diversifolius,,,Id,1,3,,,,,1,,,,1,1,,,1,Capsule,1,0,0,0,0,,
Malvaceae,Hibiscus,pernabucensis,exclusive,,Id,1,4,,,1,,1,,,,1,1,,,1,Capsule,0,0,0,1,0,,
Euphorbiaceae,Hippomane,mancinella,,Two syndromes,Id,1,5,,,1,,1,,,,1,1,,1,1,Drupe-like,0,0.5,0,0.5,0,Two syndromes,
Apiaceae,Hydrocotyle,umbellata,,,Id,1,3,,,,,1,,,,1,1,,,1,Schizocarp,1,0,0,0,0,,
Apiaceae,Hydrocotyle,galapagensis,,,En,1,1,,,,,,,,,1,,,,1,Schizocarp,1,0,0,0,0,,
Clusiaceae,Hypericum,pratense,,,Id,1,1,,,,,,,,,,1,,,1,Capsule,1,0,0,0,0,,
Clusiaceae,Hypericum,thesiifolium,,,Id,1,4,,,,,1,,,,1,1,,1,1,Capsule,1,0,0,0,0,,
Hypoxidaceae,Hypoxis,decumbens,,,Id,1,6,,,1,,1,,1,,1,1,,1,1,Capsule,1,0,0,0,0,,
Lamiaceae,Hyptis,gymnocaulos,,,En,1,1,,,,,1,,,,,,,,2,Nutlet,1,0,0,0,0,,
Lamiaceae,Hyptis,spicigera,,,Id,1,6,,1,1,,1,,,,1,1,,1,2,Nutlet,1,0,0,0,0,,
Gra,Ichnanthus,,,,,,,,,,,,,,,,,,,,,1,,,,,,
Solanaceae,Iochroma,ellipticum,,,En,1,7,,1,1,,1,,,1,1,1,,1,,Berry,0,1,0,0,0,,
Orchidaceae,Ionopsis,utricularioides,,,Id,1,6,,,1,,1,,1,1,,1,,1,1,Capsule,0,0,0,0,1,,
,Ipomoea,linearifolia,,,,,,,,,,,,,,,,,,,,,,,,,,
Convolvulaceae,Ipomoea,imperati,,,Id,1,1,,,,,1,,,,,,,,6,Capsule,0,0,0,1,0,,
Convolvulaceae,Ipomoea,tubiflora,,,En,1,3,,,,,,,,,1,1,,1,6,Capsule,0,0,0,1,0,,
Convolvulaceae,Ipomoea,habeliana,,,En,1,9,1,,1,1,1,1,1,1,,1,,1,6,Capsule,0,0,0,1,0,,
Convolvulaceae,Ipomoea,incarnata,,,Id,1,7,,1,,1,1,,1,1,,1,,1,6,Capsule,0,0,0,1,0,,
Convolvulaceae,Ipomoea,pes-caprae,exclusive,,Id,1,7,,1,,1,1,1,1,,1,1,,,6,Capsule,0,0,0,1,0,,exclusive
Convolvulaceae,Ipomoea,triloba,,,Id,1,9,1,1,1,,1,,1,1,1,1,,1,6,Capsule,0,0,0,1,0,,
Asteraceae,Jaegeria,gracilis,,,En,1,6,,1,1,,1,,,,1,1,,1,1,Achene,1,0,0,0,0,,
Solanaceae,Jaltomata,werffii,,,En,1,4,,1,,,1,,,,,1,,1,1,Berry-like,0,1,0,0,0,,
Cactaceae,Jasminocereus,thouarsii,,,En,1,6,,1,1,,1,,,,1,1,,1,1,Berry,0,1,0,0,0,,
Juncaceae,Juncus ,pallescens,,,,,,,,,,,,,,,,,1,,,,,,,,,
Acanthaceae,Justicia,galapagana,,,En,1,7,,1,1,,1,,1,,1,1,,1,1,Capsule,1,0,0,0,0,,
Asteraceae,Koanophyllum,,,,,,,,,,,,,,,,,,,,,,,,,1,,
Zygophyllaceae,Kallstroemia,adscendens,,,En,1,9,1,1,1,,1,,1,1,1,1,1,,1,Mericarp,1,0,0,0,0,,
Loasaceae,Klaprothia,fasciculata,,,Id,1,5,,1,,,1,,1,,,1,,1,,,0,0,1,0,0,,
Cyperaceae,Kyllinga,brevifolia,,,Id,1,5,,,1,,1,,,,1,1,,1,,,1,0,0,0,0,,
Cyperaceae,Kyllinga,pumila,,,Id,1,2,,,,,,,,,1,1,,,,,1,0,0,0,0,,
Combretaceae,Laguncularia,racemosa,exclusive,,Id,1,8,,1,1,,1,,1,1,1,1,,1,1,Drupe-like,0,0,0,1,0,,exclusive
Verbenaceae,Lantana,peduncularis,,,En,1,12,1,1,1,1,1,1,1,1,1,1,1,1,1,Drupaceous,0,1,0,0,0,,
Urticaceae,Laportea,aestuans,,,Id,1,10,1,1,1,,1,,1,1,1,1,1,1,,,0,0,1,0,0,,
Asteraceae,Lecocarpus,darwinii,,,En,1,1,,,,,,,,,1,,,,1,Achene,0,0,0.5,0,0.5,,
Asteraceae,Lecocarpus,leptolobus,,,En,1,1,,,,,,,,,1,,,,1,Achene,0,0,0,0,0.5,,
Asteraceae,Lecocarpus,pinnatifidus,,,En,1,2,,,1,,,,,,1,,,,1,Achene,0,0,0,0,0.5,,
Asteraceae,Lecocarpus,lecocarpoides,,,En,1,3,1,,,,,,,,1,1,,,1,Achene,0,0,0,0,0.5,,
Araceae,Lemna,aequinoctialis,,,Id,1,4,,,1,,1,,,,1,1,,,1,Utricle,1,0,0,0,0,,
Cruc,Lepidium,,,,,,,,,,,,,,,,,,,,,,,,,,,
Gra,Leptochloa,,,,,,,,,,,,,,,,,,,,,,1,,,,,
,Lindernia,,,,,,,,,,,,,,,,,,,,,1,,,,,,
Linaceae,Linum,cratericola,,,En,1,1,,,1,,,,,,,,,,1,Capsule,1,0,0,0,0,,
Linaceae,Linum,harlingii,,,En,1,1,,,,,1,,,,,,,,1,Capsule,1,0,0,0,0,,
Orchidaceae,Liparis,nervosa,,,Id,1,2,,,,,,,1,,,1,,,1,Capsule,0,0,0,0,1,,
Verbenaceae,Lippia,salicifolia,,,En,1,1,,,1,,,,,,,,,,2,Drupaceous,1,0,0,0,0,,
Verbenaceae,Lippia,rosmarinifolia,,,En,1,4,,1,,,1,,1,,,,,1,2,Drupaceous,1,0,0,0,0,,
Amaranthaceae,Lithophila,subscaposa,,,En,1,3,,,1,,,,,1,,,,1,1,Utricle,1,0,0,0,0,,
Amaranthaceae,Lithophila,radicata,,,En,8,4,1,,1,,,,,1,1,,,,1,Utricle,1,0,0,0,0,,
Campanulaceae,Lobelia,xalapensis,,,Id,1,7,,1,1,,1,,1,,1,1,,1,1,Capsule,1,0,0,0,0,,
Onagraceae,Ludwigia,leptocarpa,,,Id,1,3,,,,,,,,,1,1,,1,3,Capsule,0,0,0,1,0,,
Onagraceae,Ludwigia,erecta,,,Id,1,5,1,,1,,,,,,1,1,1,,3,Capsule,0,0,0,1,0,,
Onagraceae,Ludwigia,peploides,,,Id,1,4,,,,,1,,,,1,1,,1,3,Capsule,0,0,0,1,0,,
Cucurbitaceae,Luffa,,,,,,,,,,,,,,,,,,,,,,,,1,,,
Solanaceae,Lycium,minimum,exclusive,,En,1,8,1,,1,,1,,1,1,,1,1,1,1,Berry,0,1,0,0,0,,exclusive
Asteraceae,Macraea,laricifolia,,,En,1,7,,1,1,,1,,1,,1,1,,1,1,Achene,0,0,0,0,1,,
Fabaceae,Macroptilium,atropurpureum,,,Id,1,4,,,1,,1,,,,1,,,1,,,1,0,0,0,0,,
Celastraceae,Maytenus,octogona,exclusive,,Id,1,9,1,1,1,,1,,,1,1,1,1,1,1,Capsule,0,1,0,0,0,,presence
Scrophulariaceae,Mecardonia,procumbens,,,Id,1,4,,,1,,1,,,,1,1,,,1,Capsule,1,0,0,0,0,,
Loasaceae,Mentzelia,aspera,,,Id,1,10,1,,1,1,1,,1,1,1,1,1,1,1,Capsule,0,0,1,0,0,,
Convolvulaceae,Merremia,aegyptia,,,Id,1,11,1,,1,1,1,1,1,1,1,1,1,1,1,Capsule,1,0,0,0,0,,
Melastomataceae,Miconia,robinsoniana,,,En,1,2,,,,,,,,,1,1,,,1,Berry,0,1,0,0,0,,
Molluginaceae,Mollugo,cerviana,presence,,Id,1,5,,,,,1,,1,,1,1,,1,2,Capsule,1,0,0,0,0,,presence
Molluginaceae,Mollugo,crockeri,,,En,1,3,,,,,1,,,,,1,,1,2,Capsule,1,0,0,0,0,,
Molluginaceae,Mollugo,snodgrassii,,,En,1,3,,1,,,1,,1,,,,,,2,Capsule,1,0,0,0,0,,
Molluginaceae,Mollugo,floriana,,,En,1,5,,,1,,,,1,1,,1,,1,2,Capsule,1,0,0,0,0,,
Molluginaceae,Mollugo,flavescens,,,En,1,12,1,1,1,1,1,1,1,1,1,1,1,1,2,Capsule,1,0,0,0,0,,
Poaceae,Muhlenbergia,microsperma,,,Id,1,3,,1,,,1,,,,,1,,,1,Caryopside,0,0,0.5,0,0.5,,
Hydrophyllaceae,Nama,dichotomum,,,Id,1,2,,,,,1,,,,,1,,,1,Capsule,1,0,0,0,0,,
Mimosaceae,Neptunia,plena,,,Id,1,9,1,,1,,,1,1,1,1,1,1,1,1,Pod,1,0,0,0,0,,
Solanaceae,Nicandra,,,,,,,,,,,,,,,,,,,,Berry,,1,,,,,
Solanaceae,Nicotiana,glutinosa,,,Id,1,2,,,1,,1,,,,,,,,1,Capsule,1,0,0,0,0,,
Solanaceae,Nolana,galapagensis,exclusive,,En,1,4,,,1,,1,,,,1,1,,,1,mericarp,0,0,0,1,0,,exclusive
Balanophoraceae,Ombrophytum,peruvianum,,,Id,1,1,,,,,,,,,,1,,,1,Achene,0.5,0,0,0.5,0,,
Balanophoraceae,Ombrophytum,subterraneum,,,Id,1,1,,,,,,,,,,1,,,1,Achene,0.5,0,0,0.5,0,,
Gra,Oplismenus,,,,,,,,,,,,,,,,,,,,,1,,,,,,
Cactaceae,Opuntia,saxicola,,,En,1,1,,,,,1,,,,,,,,2,Berry,0,1,0,0,0,,
Cactaceae,Opuntia,helleri,,,En,1,2,,,,1,,1,,,,,,,2,Berry,0,1,0,0,0,,
Cactaceae,Opuntia,insularis,,,En,1,2,,1,,,1,,,,,,,,2,Berry,0,1,0,0,0,,
Cactaceae,Opuntia,echios,,,En,1,3,,,,,1,,,,,1,1,,2,Berry,0,1,0,0,0,,
Cactaceae,Opuntia,megasperma,,,En,1,5,1,,1,,1,,,,1,1,,,2,Berry,0,1,0,0,0,,
Cactaceae,Opuntia,galapageia,,,En,1,6,,,,,1,,1,1,,1,1,1,2,Berry,0,1,0,0,0,,
Oxalidaceae,Oxalis,megalorrhiza,,,Id,1,5,,,1,,,,1,1,,1,,1,2,Capsule,1,0,0,0,0,,
Oxalidaceae,Oxalis,dombeyi,,,Id,1,10,1,1,1,,1,,1,1,1,1,1,1,2,Capsule,1,0,0,0,0,,
Poaceae,Panicum,arundinariae,,,Id,1,3,,1,,,1,,,,,1,,,7,Caryopside,1,0,0,0,0,,
Poaceae,Panicum,laxum,,,Id,1,4,,,,,1,,,,1,1,,1,7,Caryopside,1,0,0,0,0,,
Poaceae,Panicum,dichotomiflorum,,,Id,1,5,1,,,,1,,,,1,1,,1,7,Caryopside,1,0,0,0,0,,
Poaceae,Panicum,alatum,,,Id,1,6,1,,,,,,,1,1,1,1,1,7,Caryopside,1,0,0,0,0,,
Poaceae,Panicum,glutinosum,,,Id,1,3,,,,,1,,,,1,1,,,7,Caryopside,1,0,0,0,0,,
Poaceae,Panicum,hirticaule,,,Id,1,8,1,,1,,1,,,1,1,1,1,1,7,Caryopside,1,0,0,0,0,,
Urticaceae,Parietaria,debilis,,,Id,1,6,,1,1,,1,,1,,,1,,1,1,Achene,0,0,1,0,0,,
Caesalpinaceae,Parkinsonia,aculeata,,,Id,1,6,1,,1,,1,,,1,1,1,,,1,Pod,0,0,0,1,0,,
Poaceae,Paspalidium,geminatum,,,Id,1,6,1,,1,,,,,1,1,1,,1,,,1,0,0,0,0,,
Poaceae,Paspalum,distichum,,,Id,1,2,,,,,,,,,,1,,1,3,Caryopside,1,0,0,0,0,,
Poaceae,Paspalum,vaginatum,,,Id,1,4,,,,,1,,,,1,1,,1,3,Caryopside,1,0,0,0,0,,
Poaceae,Paspalum,redundans,,,En,1,4,,,1,,1,,,,1,1,,,3,Caryopside,1,0,0,0,0,,
Poaceae,Paspalum,galapageium,,,En,1,8,,1,1,,1,1,1,,1,1,,1,3,Caryopside,1,0,0,0,0,,
Poaceae,Paspalum,paniculatum,,,Id,1,4,,1,1,,,,,,1,1,,,3,Caryopside,1,0,0,0,0,,
Poaceae,Paspalum,penicillatum,,,Id,1,4,,1,1,,1,,,,,1,,,3,Caryopside,1,0,0,0,0,,
Passifloraceae,Passiflora,tridactylites,,,En,1,5,1,,,,1,,1,,,1,,1,3,Berry,0,1,0,0,0,,
Passifloraceae,Passiflora,foetida,,,En,1,6,1,,1,,1,,,,1,1,,1,3,Berry,0,1,0,0,0,,
Passifloraceae,Passiflora,colinvauxii,,,En,1,1,,,,,,,,,,1,,,3,Berry,0,1,0,0,0,,
Passifloraceae,Passiflora,suberosa,,,Id,1,8,1,1,1,,1,,1,,1,1,,1,3,Berry,0,1,0,0,0,,
Asteraceae,Pectis,subsquarrosa,,,En,1,10,1,1,1,,1,,1,1,1,1,1,1,2,Achene,0,0,0,0,1,,
Asteraceae,Pectis,tenuifolia,,,En,1,10,1,1,1,1,1,,1,,1,1,1,1,2,Achene,0,0,0,0,1,,
Poaceae,Pennisetum,pauperum,,,En,1,3,,1,,,1,,,,,,,1,1,Caryopside,0.5,0,0.5,0,0,,
Piperaceae,Peperomia,rotundata,,,Id,1,3,,,,,1,,,,,1,,1,3,Drupe-like,0,0,1,0,0,,
Piperaceae,Peperomia,petiolata,,,En,1,8,,1,1,,1,,1,1,1,1,,1,3,Drupe-like,0,0,1,0,0,,
Piperaceae,Peperomia,galioides,,,Id,1,8,,1,1,,1,,1,1,1,1,,1,3,Drupe-like,0,0,1,0,0,,
Piperaceae,Peperomia,inaequalifolia,,,Id,1,8,,1,1,,1,,1,1,1,1,,1,3,Drupe-like,0,0,1,0,0,,
Ericaceae,Pernettya,howellii,,,En,1,2,,,,,1,,,,,1,,,1,Berry,0,1,0,0,0,,
Polygonaceae,Persicaria,hydropiperoides,,,Id,1,5,,,1,,1,,,,1,1,,1,,,1,0,0,0,0,,
Polygonaceae,Persicaria,acuminata,,,Id,1,1,,,,,,,,,,1,,,,,1,0,0,0,0,,
Fabaceae,Phaseolus,mollis,,,En,1,6,,1,,,1,,1,,1,1,,1,3,Pod,1,0,0,0,0,,
Fabaceae,Phaseolus,cytisoides,,,NoData,8,1,,,,,,,,,,1,,,3,Pod,1,0,0,0,0,,
Amaranthaceae,Philoxerus,,,,,,,,,,,,,,,,,,,,,0.5,,,0.5,,,
Viscaceae,Phoradendron,berteroanum,,Two syndromes,NoData,1,8,,1,1,,1,,1,1,1,1,,1,1,Drupe,0,0.5,0.5,0,0,Two syndromes,
Verbenaceae,Phyla,strigulosa,,,Id,1,6,1,,1,,1,,,1,1,1,,,1,Dry,1,0,0,0,0,,
Euphorbiaceae,Phyllanthus,caroliniensis,,,Id,1,7,,1,1,,1,,1,,1,1,,1,1,Capsule,1,0,0,0,0,,
Solanaceae,Physalis,galapagoensis,,Two syndromes,En,1,7,1,1,1,,1,,,,1,1,,1,3,Berry,0,0.5,0,0.5,0,Two syndromes,
Solanaceae,Physalis,angulata,,Two syndromes,Id,1,10,1,1,1,,1,1,1,,1,1,1,1,3,Berry,0,0.5,0,0.5,0,Two syndromes,
Solanaceae,Physalis,pubescens,,Two syndromes,Id,1,10,1,1,1,1,1,,1,1,,1,1,1,3,Berry,0,0.5,0,0.5,0,Two syndromes,
Phytolaccaceae,Phytolacca,octandra,,,Id,1,3,,,,,1,,,,,1,,1,1,Berry-like,0,1,0,0,0,,
Urticaceae,Pilea,peploides,,,Id,1,3,,1,1,,1,,,,,,,,2,Achene,1,0,0,0,0,,
Urticaceae,Pilea,baurii,,,En,1,9,1,1,1,,1,,1,1,1,1,,1,2,Achene,1,0,0,0,0,,
Fabaceae,Piscidia,carthagenensis,,,Id,1,2,,,,,,,,,1,1,,,1,Pod,1,0,0,0,0,,
Nyctaginaceae,Pisonia,floribunda,,,En,1,8,,1,1,,1,,1,1,1,1,,1,1,Achene,0,0,1,0,0,,
Plantaginaceae,Plantago,galapagensis,,,En,1,5,,,1,,1,,,,1,1,,1,1,Capsule,1,0,0,0,0,,
Amaranthaceae,Pleuropetalum,darwinii,,,En,1,3,,,,,1,,,,,1,,1,1,Capsule,0,1,0,0,0,,
Plumbaginaceae,Plumbago,coerulea,,,Id,1,1,,,,,1,,,,,,,,2,Capsule,0,0,1,0,0,,
Plumbaginaceae,Plumbago,zeylanica,,,Id,1,11,1,1,1,,1,1,1,1,1,1,1,1,2,Capsule,0,0,1,0,0,,
Polygalaceae,Polygala,anderssonii,,,En,1,3,,,,,1,,,,,1,,1,1,Capsule,1,0,0,0,0,,
Polygalaceae,Polygala,sancti-georgii,,,En,1,4,,,1,,,,1,,,1,,1,1,Capsule,1,0,0,0,0,,
Polygalaceae,Polygala,galapageia,,,En,1,7,,1,1,,1,1,,,1,1,,1,1,Capsule,1,0,0,0,0,,
Polygonaceae,Polygonum,punctatum,,,Id,1,4,,,1,,,,,,1,1,,1,4,Achene,1,0,0,0,0,,
Polygonaceae,Polygonum,galapagense,,,En,1,3,,,,,1,,,,1,1,,,4,Achene,1,0,0,0,0,,
Orchidaceae,Ponthieva,maculata,,,Id,1,4,,,,,1,,1,,,1,,1,1,Capsule,0,0,0,0,1,,
,Portulaca,olearace,,,,,,,,,,,,,,,,,,,,,,,,,,
Portulacaceae,Portulaca,howellii,,,En,1,12,1,1,1,1,1,1,1,1,1,1,1,1,3,Capsule,0.5,0,0,0.5,0,,
Potamogetonaceae,Potamogeton,pectinatus,,,Id,1,2,,,,,1,,,,,1,,,1,Drupe-like,0,1,0,0,0,,
Orchidaceae,Prescottia,oligantha,,,Id,1,5,,,,,1,,1,,1,1,,1,1,Capsule,0,0,0,0,1,,
Mimosaceae,Prosopis,juliflora,,,Id,1,9,1,,1,,1,,1,1,1,1,1,1,1,Pod ,0,0,0,1,0,,
Myrtaceae,Psidium,galapageium,,,En,1,6,,1,,,1,,1,,1,1,,1,1,Berry,0,1,0,0,0,,
Rubiaceae,Psychotria,angustata,,,En,1,2,,,1,,,,,,1,,,,1,Berry-like,0,1,0,0,0,,
Rubiaceae,Psychotria,rufipes,,,En,1,7,,1,1,,1,,1,,1,1,,1,1,Berry-like,0,1,0,0,0,,
Cyperaceae,Pycreus,polystachyos,presence,,Id,1,3,,,,,1,,,,,1,,1,,,1,0,0,0,0,,presence
Cyperaceae,Pycreus,bipartitus,,,Id,1,4,,,,,1,,,,1,1,,1,,,1,0,0,0,0,,
Ranunculaceae,Ranunculus,flagelliformis,,,Id,1,1,,,,,,,,,,1,,,1,Achene,1,0,0,0,0,,
Rhizophoraceae,Rhizophora,mangle,exclusive,,Id,1,10,1,1,1,1,1,1,,1,1,1,,1,1,Berry,0,0,0,1,0,,exclusive
Fabaceae,Rhynchosia,minima,,,Id,1,12,1,1,1,1,1,1,1,1,1,1,1,1,1,Pod,1,0,0,0,0,,
Cyperaceae,Rhynchospora,rugosa,,,Id,1,3,,,,,1,,,,,1,,1,5,Achene,1,0,0,0,0,,
Cyperaceae,Rhynchospora,nervosa,,,Id,1,5,,,1,,1,,,,1,1,,1,5,Achene,1,0,0,0,0,,
Cyperaceae,Rhynchospora,tenuis,,,Id,1,2,,,,,1,,,,,1,,,5,Achene,1,0,0,0,0,,
Cyperaceae,Rhynchospora,contracta,,,Id,1,3,,,,,1,,,,1,,,1,5,Achene,1,0,0,0,0,,
Cyperaceae,Rhynchospora,corymbosa,,,Id,1,3,,,,,1,,,,1,1,,,5,Achene,1,0,0,0,0,,
Cyperaceae,Rhynchospora,rariflora,,,NoData,1,1,,,,,,,,,,1,,,5,Achene,1,0,0,0,0,,
Phytolaccaceae,Rivinia,,,,,,,,,,,,,,,,,,,,,,1,,,,,
Brassicaceae,Rorippa,nana,,,Id,1,1,,,,,,,,,,,,1,1,Capsule,1,0,0,0,0,,
Acanthaceae,Ruellia,floribunda,,,Id,1,2,,,,,,,,,1,1,,,1,Capsule,1,0,0,0,0,,
Potamogetonaceae,Ruppia,maritima,,,Id,1,4,,,,1,1,,,,1,,,1,1,Nutlet,1,0,0,0,0,,
Cucurbitaceae,Rytidostylis,carthaginensis,,,Id,1,5,,,,,1,,1,,1,1,,1,,,0,0,1,0,0,,
Chenopodiaceae,Salicornia,fruticosa ,exclusive,,Id,1,2,,,,,,,,,1,,,1,1,Utricle,0,0,0,1,0,,exclusive
Lamiaceae,Salvia,occidentalis,,,Id,1,7,,1,1,,1,,1,,1,1,,1,2,Nucule,1,0,0,0,0,,
Lamiaceae,Salvia,prostrata,,,En,1,3,,,1,,,,,,1,,,1,2,Nucule,1,0,0,0,0,,
Lamiaceae,Salvia,pseudoserotina,,,En,1,3,,,1,,1,,,,,1,,,2,Nucule,1,0,0,0,0,,
,Sapindus,,,,,,,,,,,,,,,,,,,,,,0.5,,0.5,,,
Asclepiadaceae,Sarcostemma,angustissimum,,,En,1,9,1,1,1,,1,,1,1,1,1,,1,1,Follicle,0,0,0,0,1,,
Goodeniaceae,Scaevola,plumieri,exclusive,Two syndromes,Id,1,4,,,1,,1,,,,1,1,,,1,Drupe,0,0.5,0,0.5,0,Two syndromes,
Asteraceae,Scalesia,aspera,,,En,1,1,,,,,,,,,,1,,,1,Achene,1,0,0,0,0,,
Asteraceae,Scalesia,atractyloides,,,En,1,1,,,,,,,,,,,,1,1,Achene,1,0,0,0,0,,
Asteraceae,Scalesia,cordata,,,En,1,1,,,,,1,,,,,,,,1,Achene,0,0,1,0,0,,
Asteraceae,Scalesia,divisa,,,En,1,1,,,,,,,,,1,,,,1,Achene,1,0,0,0,0,,
Asteraceae,Scalesia,gordilloi,,,En,1,1,,,,,,,,,1,,,,1,Achene,1,0,0,0,0,,
Asteraceae,Scalesia,retroflexa,,,En,1,1,,,,,,,,,,1,,,1,Achene,1,0,0,0,0,,
Asteraceae,Scalesia,crockeri,,,En,1,1,,,,,,,,,,1,,,1,Achene,1,0,0,0,0,,
Asteraceae,Scalesia,baurii,,,En,1,2,,,,,,,1,1,,,,,1,Achene,1,0,0,0,0,,
Asteraceae,Scalesia,helleri,,,En,1,2,,,,,,,,,,1,1,,1,Achene,1,0,0,0,0,,
Asteraceae,Scalesia,microcephala,,,En,1,2,,1,,,1,,,,,,,,1,Achene,1,0,0,0,0,,
Asteraceae,Scalesia,stewartii,,,En,1,2,,,,,,,,,,1,,1,1,Achene,1,0,0,0,0,,
Asteraceae,Scalesia,villosa,,,En,1,2,,,1,,,,,,,1,,,1,Achene,1,0,0,0,0,,
Asteraceae,Scalesia,incisa,,,En,1,3,,,,,,,1,1,1,,,,1,Achene,1,0,0,0,0,,
Asteraceae,Scalesia,affinis,,,En,1,4,,1,1,,1,,,,,1,,,1,Achene,1,0,0,0,0,,
Asteraceae,Scalesia,pedunculata,,,En,1,5,,,1,,1,,,,1,1,,1,1,Achene,1,0,0,0,0,,
Cyperaceae,Scleria,melaleuca,,,Id,1,4,,,,,1,,,,1,1,,1,2,Achene,1,0,0,0,0,,
Cyperaceae,Scleria,distans,,,Id,1,1,,,,,,,,,,1,,,2,Achene,0,0,1,0,0,,
Loasaceae,Sclerothrix,,,,,,,,,,,,,,,,,,,,,1,,,,,,
Scrophulariaceae,Scoparia,dulcis,,,Id,1,6,,1,1,,1,,,,1,1,,1,1,Capsule,1,0,0,0,0,,
Rhamnaceae,Scutia,spicata,presence,,EnQ,1,8,1,,1,,1,,,1,1,1,1,1,1,Nutlet,0,1,0,0,0,,
Caesalpinaceae,Senna,uniflora,,,Id,1,2,,,,,,,,,1,1,,,3,Pod,1,0,0,0,0,,
Caesalpinaceae,Senna,occidentalis,,,Id,1,5,,,1,,1,,,,1,1,,1,3,Pod,1,0,0,0,0,,
Caesalpinaceae,Senna,pistaciifolia,,,Id,1,6,,1,1,,1,,,,1,1,,1,3,Pod,1,0,0,0,0,,
Aizoaceae,Sesuvium,edmondstonei,exclusive,,EnQ,1,10,1,1,1,1,1,,1,1,1,1,,1,2,Capsule,0,0,0,1,0,,exclusive
Aizoaceae,Sesuvium,portulacastrum,exclusive,,Id,1,10,,1,1,1,1,1,1,,1,1,1,1,2,Capsule,0,0,0,1,0,,presence
Poaceae,Setaria,parviflora,,,Id,1,5,,,1,,1,,,,1,1,,1,2,Caryopside,1,0,0,0,0,,
Poaceae,Setaria,setosa,,,Id,1,11,1,1,1,,1,1,1,1,1,1,1,1,2,Caryopside,1,0,0,0,0,,
Cucurbitaceae,Sicyocaulis,pentagonus,,,En,1,2,,,,,1,,,,,1,,,1,Capsule,1,0,0,0,0,,
Cucurbitaceae,Sicyos,villosus,,,En,1,1,,,1,,,,,,,,,,1,Capsule,0,0,1,0,0,,
Malvaceae,Sida,cordata,,,Id,1,2,,,1,,,,1,,,,,,5,Schizocarp,1,0,0,0,0,,
Malvaceae,Sida,hederifolia,,,Id,1,7,,,1,,1,,1,1,1,1,,1,5,Schizocarp,1,0,0,0,0,,
Malvaceae,Sida,spinosa,,,Id,1,9,1,,1,1,1,,1,1,1,1,,1,5,Schizocarp,0,0,1,0,0,,
Malvaceae,Sida,salviifolia,,,Id,1,11,1,1,1,1,1,,1,1,1,1,1,1,5,Schizocarp,1,0,0,0,0,,
Iridaceae,Sisyrinchium,galapagense,,,En,1,4,,,1,,1,,,,1,1,,,1,Capsule,1,0,0,0,0,,
Solanaceae,Solanum,erianthum,,,Id,1,6,,1,1,,1,,1,,,1,,1,2,Berry,0,1,0,0,0,,
Solanaceae,Solanum,edmonstonei,,,NoData,1,1,,,,,,,,,,1,,,2,Berry,0,1,0,0,0,,
Solanaceae,Solanum,cheesmaniae,,,En,1,8,1,1,1,,1,,,,1,1,1,1,2,Berry,0,1,0,0,0,,
Solanaceae,Solanum,galapagense,,,En,1,9,1,1,1,,1,,1,1,1,1,,1,2,Berry,0,1,0,0,0,,
Asteraceae,Soliva,anthemifolia,,,Id,1,2,,,,,,,,,1,,,1,1,Achene,0,0,1,0,0,,
Rubiaceae,Spermacoce,remota,,,Id,1,6,,1,1,,1,,,,1,1,,1,1,Capsule,1,0,0,0,0,,
,Spilanthes,,,,,,,,,,,,,,,,,,,,,,,1,,,,
Poaceae,Sporobolus,pyramidatus,,,Id,1,6,1,1,,,1,,,,1,1,,1,,,1,0,0,0,0,,
Poaceae,Sporobolus,indicus,,,Id,1,8,1,1,1,,1,,1,,1,1,,1,,,1,0,0.5,0,0,,
Poaceae,Sporobolus,virginicus,exclusive,,Id,1,8,1,1,1,1,1,,,,1,1,,1,,,1,0,0,0,0,,exclusive
Scrophulariaceae,Stemodia,,,,,,,,,,,,,,,,,,,,,1,,,,,,
Poaceae,Stenotaphrum,secundatum,,,Id,1,4,,,1,,1,,,,1,1,,,1,Caryopside,0,0,0,1,0,,
Fabaceae,Stylosanthes,sympodiales,,,Id,1,10,,1,1,1,1,1,1,1,1,1,,1,1,Pod,0.5,0,0.5,0,0,,
,Talinum,,,,,,,,,,,,,,,,,,,,,1,,,,,,
Fabaceae,Tephrosia,cinerea,,,Id,1,9,1,1,1,,1,,1,,1,1,1,1,1,Pod,1,0,0,0,0,,
Acanthaceae,Tetramerium,nervosum,,,Id,1,7,,1,1,,1,,1,,1,1,,1,1,Capsule,1,0,0,0,0,,
Lamiaceae,Teucrium,vesicarium,,,Id,1,4,,,1,,1,,,,1,1,,,1,Nutlet,0,0,1,0,0,,
Bromeliaceae,Tillandsia,insularis,,,En,1,7,,1,1,,1,,,1,1,1,,1,1,Capsule,0,0,0,0,1,,
Boraginaceae,Tiquilia,nesiotica,,,En,1,2,,,,,,,,,,1,,1,,,0,0,1,0,0,,
Boraginaceae,Tiquilia,darwinii,,,En,8,10,1,,1,1,1,1,1,,1,1,1,1,,,0,0,1,0,0,,
Boraginaceae,Tiquilia,galapagoa,,,En,1,10,,1,1,1,1,1,1,,1,1,1,1,,,0,0,1,0,0,,
Boraginaceae,Tiquilia,fusca,,,En,8,11,1,1,1,1,1,1,1,,1,1,1,1,,,0,0,1,0,0,,
Boraginaceae,Tournefortia,psilostachya,,,Id,1,8,1,,1,,1,,1,1,1,1,,1,2,Drupe,0,1,0,0,0,,
Boraginaceae,Tournefortia,pubescens,,,En,1,7,,1,1,,1,,,1,1,1,,1,2,Drupe,0,1,0,0,0,,
Boraginaceae,Tournefortia,rufo-sericea,,,En,1,8,,1,1,,1,,1,1,1,1,,1,2,Drupe,0,1,0,0,0,,
Ulma,Trema,,,,,,,,,,,,,,,,,,,,Drupe,,1,,,,,
Aizoaceae,Trianthema,portulacastrum,presence,,Id,1,10,1,,1,1,1,,1,1,1,1,1,1,1,Capsule,0,0,0,1,0,,presence
Zygophyllaceae,Tribulus,,,,,,,,,,,,,,,,,,,,,,,1,,,,
Poaceae,Trichoneura,lindleyana,,,En,1,12,1,1,1,1,1,1,1,1,1,1,1,1,1,Caryopside,1,0,0,0,0,,
Poaceae,Trisetum,howellii,,,En,1,5,,1,,,1,,,,1,1,1,,1,Caryopside,0,0,1,0,0,,
Tiliaceae,Triumfetta,,,,,,,,,,,,,,,,,,,,,,,1,,,,
Orchidaceae,Tropidia,polystachya,,,Id,1,3,,,,,1,,1,,,1,,,1,Capsule,0,0,0,0,1,,
Turneraceae,Turnera,,,,,,,,,,,,,,,,,,,,,1,,,,,,
Poaceae,Uniola,pittieri,exclusive,,Id,1,2,,,,,,,,,1,1,,,1,Panicle,0,0,0,1,0,,
Urticaceae,Urera,,,,,,,,,,,,,,,,,,,,,1,1,,,,,
Lentibulariaceae,Utricularia,foliosa,,,Id,1,1,,,,,,,,,1,,,,1,Capsule,1,0,0,0,0,,
Apocynaceae,Vallesia,glabra,,,En,8,7,1,,1,,1,,,1,1,1,,1,1,Drupe,0,1,0,0,0,,
linaceae,Verbena,grisea,,,En,1,1,,,,,,,,1,,,,,2,Schizocarp,0,0,1,0,0,,
Verbenaceae,Verbena,galapagosensis,,,En,1,1,,,,,,,,,,1,,,2,Schizocarp,0,0,1,0,0,,
Verbenaceae,Verbena,sedula,,,En,1,3,,,,,,,,,1,1,,1,2,Schizocarp,0,0,1,0,0,,
Verbenaceae,Verbena,townsendii,,,En,1,5,,1,,,1,,1,,1,1,,,2,Schizocarp,0,0,1,0,0,,
Verbenaceae,Verbena,glabrata,,,NoData,1,1,,,,,1,,,,,,,,2,Schizocarp,0,0,1,0,0,,
Verbenaceae ,Verbena,stewartii,,,NoData,1,2,,1,,,1,,,,,,,,2,Schizocarp,0,0,1,0,0,,
Fabaceae,Vigna,adenantha,,,Id,1,2,,,,,,,,,1,1,,,1,Pod,0.5,0,0,0.5,0,,
Fabaceae,Vigna,luteola,,,Id,1,6,,1,,,1,,1,,1,1,,1,1,Pod,0.5,0,0,0.5,0,,
Sterculiaceae,Waltheria,ovata,,,Id,1,11,1,1,1,1,1,1,1,,1,1,1,1,1,Capsule,1,0,0,0,0,,
Rutaceae,Zanthoxylum,fagara,,,Id,1,9,1,1,1,,1,,1,1,1,1,,1,1,follicle,0,1,0,0,0,,
Asteraceae,Zinnia,,,,,,,,,,,,,,,,,,,,,,,1,,,,
Leguminosae,Zornia,,, ,,,,,,,,,,,,,,,,,,,,1,,, ,
